# Blender 5.1.1
# www.blender.org
mtllib bombenemy.mtl
o 球
v 0.000000 1.068722 0.000000
v 0.000000 0.831470 -0.555570
v 0.000000 0.555570 -0.831470
v 0.000000 0.195090 -0.980785
v 0.000000 0.000000 -1.000000
v 0.038060 1.049507 -0.191342
v 0.074658 0.923880 -0.375330
v 0.108386 0.831470 -0.544895
v 0.137950 0.707107 -0.693520
v 0.162212 0.555570 -0.815493
v 0.180240 0.382683 -0.906127
v 0.191342 0.195090 -0.961940
v 0.195090 0.000000 -0.980785
v 0.074658 1.049507 -0.180240
v 0.146447 0.923880 -0.353553
v 0.212608 0.831470 -0.513280
v 0.270598 0.707107 -0.653281
v 0.318190 0.555570 -0.768178
v 0.353553 0.382683 -0.853553
v 0.375330 0.195090 -0.906127
v 0.382683 0.000000 -0.923879
v 0.108386 1.049507 -0.162212
v 0.212608 0.923880 -0.318190
v 0.308658 0.831470 -0.461940
v 0.392847 0.707107 -0.587938
v 0.461940 0.555570 -0.691342
v 0.513280 0.382683 -0.768178
v 0.544895 0.195090 -0.815493
v 0.555570 0.000000 -0.831469
v 0.137950 1.049507 -0.137950
v 0.270598 0.923880 -0.270598
v 0.392847 0.831470 -0.392847
v 0.500000 0.707107 -0.500000
v 0.587938 0.555570 -0.587938
v 0.653281 0.382683 -0.653281
v 0.693520 0.195090 -0.693520
v 0.707107 0.000000 -0.707107
v 0.162212 1.049507 -0.108386
v 0.318190 0.923880 -0.212608
v 0.461940 0.831470 -0.308658
v 0.587938 0.707107 -0.392847
v 0.691342 0.555570 -0.461940
v 0.768178 0.382683 -0.513280
v 0.815493 0.195090 -0.544895
v 0.831470 0.000000 -0.555570
v 0.180240 1.049507 -0.074658
v 0.353553 0.923880 -0.146447
v 0.513280 0.831470 -0.212607
v 0.653281 0.707107 -0.270598
v 0.768178 0.555570 -0.318190
v 0.853553 0.382683 -0.353553
v 0.906127 0.195090 -0.375330
v 0.923879 0.000000 -0.382683
v 0.191342 1.049507 -0.038060
v 0.375330 0.923880 -0.074658
v 0.544895 0.831470 -0.108386
v 0.693520 0.707107 -0.137950
v 0.815493 0.555570 -0.162212
v 0.906127 0.382683 -0.180240
v 0.961940 0.195090 -0.191342
v 0.980785 0.000000 -0.195090
v 0.195090 1.049507 0.000000
v 0.382683 0.923880 0.000000
v 0.555570 0.831470 0.000000
v 0.707107 0.707107 -0.000000
v 0.831469 0.555570 0.000000
v 0.923879 0.382683 -0.000000
v 0.980785 0.195090 0.000000
v 1.000000 0.000000 0.000000
v 0.191342 1.049507 0.038060
v 0.375330 0.923880 0.074658
v 0.544895 0.831470 0.108386
v 0.693520 0.707107 0.137950
v 0.815493 0.555570 0.162212
v 0.906127 0.382683 0.180240
v 0.961940 0.195090 0.191342
v 0.980785 0.000000 0.195090
v 0.180240 1.049507 0.074658
v 0.353553 0.923880 0.146447
v 0.513280 0.831470 0.212608
v 0.653281 0.707107 0.270598
v 0.768178 0.555570 0.318190
v 0.853553 0.382683 0.353553
v 0.906127 0.195090 0.375330
v 0.923879 0.000000 0.382683
v 0.162212 1.049507 0.108386
v 0.318190 0.923880 0.212608
v 0.461940 0.831470 0.308658
v 0.587938 0.707107 0.392847
v 0.691341 0.555570 0.461940
v 0.768178 0.382683 0.513280
v 0.815493 0.195090 0.544895
v 0.831469 0.000000 0.555570
v 0.137950 1.049507 0.137950
v 0.270598 0.923880 0.270598
v 0.392847 0.831470 0.392847
v 0.500000 0.707107 0.500000
v 0.587938 0.555570 0.587938
v 0.653281 0.382683 0.653281
v 0.693520 0.195090 0.693520
v 0.707106 0.000000 0.707107
v 0.108386 1.049507 0.162212
v 0.212607 0.923880 0.318190
v 0.308658 0.831470 0.461940
v 0.392847 0.707107 0.587938
v 0.461940 0.555570 0.691342
v 0.513280 0.382683 0.768178
v 0.544895 0.195090 0.815493
v 0.555570 0.000000 0.831469
v 0.074658 1.049507 0.180240
v 0.146447 0.923880 0.353553
v 0.212607 0.831470 0.513280
v 0.270598 0.707107 0.653281
v 0.318189 0.555570 0.768178
v 0.353553 0.382683 0.853553
v 0.375330 0.195090 0.906127
v 0.382683 0.000000 0.923879
v 0.038060 1.049507 0.191342
v 0.074658 0.923880 0.375330
v 0.108386 0.831470 0.544895
v 0.137950 0.707107 0.693520
v 0.162212 0.555570 0.815493
v 0.180240 0.382683 0.906127
v 0.191342 0.195090 0.961939
v 0.195090 0.000000 0.980785
v -0.000000 1.049507 0.195090
v -0.000000 0.923880 0.382683
v -0.000000 0.831470 0.555570
v -0.000000 0.707107 0.707107
v -0.000000 0.555570 0.831469
v 0.000000 0.382683 0.923879
v -0.000000 0.195090 0.980785
v -0.000000 0.000000 0.999999
v -0.038060 1.049507 0.191342
v -0.074658 0.923880 0.375330
v -0.108386 0.831470 0.544895
v -0.137950 0.707107 0.693520
v -0.162212 0.555570 0.815493
v -0.180240 0.382683 0.906127
v -0.191342 0.195090 0.961939
v -0.195091 0.000000 0.980785
v -0.074658 1.049507 0.180240
v -0.146447 0.923880 0.353553
v -0.212608 0.831470 0.513280
v -0.270598 0.707107 0.653281
v -0.318190 0.555570 0.768177
v -0.353553 0.382683 0.853553
v -0.375330 0.195090 0.906127
v -0.382683 0.000000 0.923879
v -0.108386 1.049507 0.162212
v -0.212608 0.923880 0.318190
v -0.308658 0.831470 0.461939
v -0.392847 0.707107 0.587938
v -0.461940 0.555570 0.691341
v -0.513280 0.382683 0.768178
v -0.544895 0.195090 0.815493
v -0.555570 0.000000 0.831469
v -0.137950 1.049507 0.137950
v -0.270598 0.923880 0.270598
v -0.392847 0.831470 0.392847
v -0.500000 0.707107 0.500000
v -0.587938 0.555570 0.587937
v -0.653281 0.382683 0.653281
v -0.693520 0.195090 0.693520
v -0.707106 0.000000 0.707106
v -0.162212 1.049507 0.108386
v -0.318190 0.923880 0.212607
v -0.461940 0.831470 0.308658
v -0.587938 0.707107 0.392847
v -0.691341 0.555570 0.461939
v -0.768177 0.382683 0.513280
v -0.815493 0.195090 0.544895
v -0.831469 0.000000 0.555569
v -0.180240 1.049507 0.074658
v -0.353553 0.923880 0.146447
v -0.513280 0.831470 0.212607
v -0.653281 0.707107 0.270598
v -0.768177 0.555570 0.318189
v -0.853553 0.382683 0.353553
v -0.906127 0.195090 0.375330
v -0.923879 0.000000 0.382683
v -0.191342 1.049507 0.038060
v -0.375330 0.923880 0.074658
v -0.544895 0.831470 0.108386
v -0.693520 0.707107 0.137950
v -0.815493 0.555570 0.162211
v -0.906127 0.382683 0.180240
v -0.961939 0.195090 0.191341
v -0.980784 0.000000 0.195090
v -0.195090 1.049507 -0.000000
v -0.382683 0.923880 -0.000000
v -0.555570 0.831470 -0.000000
v -0.707107 0.707107 -0.000000
v -0.831469 0.555570 -0.000000
v -0.923879 0.382683 -0.000000
v -0.980785 0.195090 -0.000000
v -0.999999 0.000000 -0.000000
v -0.191342 1.049507 -0.038060
v -0.375330 0.923880 -0.074658
v -0.544895 0.831470 -0.108386
v -0.693520 0.707107 -0.137950
v -0.815493 0.555570 -0.162212
v -0.906127 0.382683 -0.180240
v -0.961939 0.195090 -0.191342
v -0.980784 0.000000 -0.195091
v -0.180240 1.049507 -0.074658
v -0.353553 0.923880 -0.146447
v -0.513279 0.831470 -0.212607
v -0.653281 0.707107 -0.270598
v -0.768177 0.555570 -0.318190
v -0.853553 0.382683 -0.353553
v -0.906127 0.195090 -0.375330
v -0.923878 0.000000 -0.382683
v -0.162212 1.049507 -0.108386
v -0.318189 0.923880 -0.212607
v -0.461939 0.831470 -0.308658
v -0.587938 0.707107 -0.392847
v -0.691341 0.555570 -0.461940
v -0.768177 0.382683 -0.513280
v -0.815493 0.195090 -0.544895
v -0.831468 0.000000 -0.555570
v -0.137950 1.049507 -0.137950
v -0.270598 0.923880 -0.270598
v -0.392847 0.831470 -0.392847
v -0.500000 0.707107 -0.500000
v -0.587937 0.555570 -0.587938
v -0.653281 0.382683 -0.653281
v -0.693519 0.195090 -0.693520
v -0.707106 0.000000 -0.707106
v -0.108386 1.049507 -0.162212
v -0.212607 0.923880 -0.318190
v -0.308658 0.831470 -0.461939
v -0.392847 0.707107 -0.587938
v -0.461939 0.555570 -0.691341
v -0.513280 0.382683 -0.768177
v -0.544895 0.195090 -0.815493
v -0.555569 0.000000 -0.831469
v -0.074658 1.049507 -0.180240
v -0.146446 0.923880 -0.353553
v -0.212607 0.831470 -0.513279
v -0.270598 0.707107 -0.653281
v -0.318189 0.555570 -0.768177
v -0.353553 0.382683 -0.853553
v -0.375330 0.195090 -0.906127
v -0.382683 0.000000 -0.923879
v -0.038060 1.049507 -0.191342
v -0.074658 0.923880 -0.375330
v -0.108386 0.831470 -0.544895
v -0.137950 0.707107 -0.693520
v -0.162211 0.555570 -0.815493
v -0.180240 0.382683 -0.906127
v -0.191341 0.195090 -0.961939
v -0.195090 0.000000 -0.980784
v 0.000000 1.049507 -0.195090
v 0.000000 0.923880 -0.382683
v 0.000000 0.707107 -0.707107
v 0.000000 0.382683 -0.923879
v 0.056359 0.952332 -0.283336
v 0.110552 0.952332 -0.266897
v 0.160497 0.952332 -0.240201
v 0.204274 0.952332 -0.204274
v 0.240201 0.952332 -0.160497
v 0.266897 0.952332 -0.110552
v 0.283336 0.952332 -0.056359
v 0.288887 0.952332 0.000000
v 0.283336 0.952332 0.056359
v 0.266897 0.952332 0.110552
v 0.240201 0.952332 0.160497
v 0.204274 0.952332 0.204274
v 0.160497 0.952332 0.240201
v 0.110552 0.952332 0.266897
v 0.056359 0.952332 0.283336
v -0.000000 0.952332 0.288887
v -0.056359 0.952332 0.283336
v -0.110552 0.952332 0.266897
v -0.160497 0.952332 0.240201
v -0.204274 0.952332 0.204274
v -0.240201 0.952332 0.160497
v -0.266897 0.952332 0.110552
v -0.283336 0.952332 0.056359
v -0.288887 0.952332 -0.000000
v -0.283336 0.952332 -0.056359
v -0.266896 0.952332 -0.110552
v -0.240200 0.952332 -0.160497
v -0.204274 0.952332 -0.204274
v -0.160497 0.952332 -0.240201
v -0.110552 0.952332 -0.266896
v -0.056359 0.952332 -0.283336
v 0.000000 0.952332 -0.288887
v 0.000000 0.966904 -0.138203
v 0.026962 0.966904 -0.135548
v 0.052888 0.966904 -0.127683
v 0.076782 0.966904 -0.114912
v 0.097725 0.966904 -0.097725
v 0.114912 0.966904 -0.076782
v 0.127683 0.966904 -0.052888
v 0.135548 0.966904 -0.026962
v 0.138203 0.966904 -0.000000
v 0.135548 0.966904 0.026962
v 0.127683 0.966904 0.052888
v 0.114912 0.966904 0.076782
v 0.097725 0.966904 0.097725
v 0.076782 0.966904 0.114912
v 0.052888 0.966904 0.127683
v 0.026962 0.966904 0.135548
v 0.000000 0.966904 0.138203
v -0.026962 0.966904 0.135548
v -0.052888 0.966904 0.127683
v -0.076782 0.966904 0.114912
v -0.097725 0.966904 0.097725
v -0.114912 0.966904 0.076782
v -0.127683 0.966904 0.052888
v -0.135548 0.966904 0.026962
v -0.138203 0.966904 -0.000000
v -0.135548 0.966904 -0.026962
v -0.127683 0.966904 -0.052888
v -0.114912 0.966904 -0.076782
v -0.097725 0.966904 -0.097725
v -0.076782 0.966904 -0.114912
v -0.052888 0.966904 -0.127683
v -0.026962 0.966904 -0.135548
v 0.000000 1.548285 -0.411711
v 0.026962 1.548285 -0.409055
v 0.052888 1.548285 -0.401191
v 0.076782 1.548285 -0.388419
v 0.097725 1.548285 -0.371232
v 0.114912 1.548285 -0.350289
v 0.127683 1.548285 -0.326396
v 0.135548 1.548285 -0.300470
v 0.138203 1.548285 -0.273507
v 0.135548 1.548285 -0.246545
v 0.127683 1.548285 -0.220619
v 0.114912 1.548285 -0.196726
v 0.097725 1.548285 -0.175783
v 0.076782 1.548285 -0.158595
v 0.052888 1.548285 -0.145824
v 0.026962 1.548285 -0.137959
v 0.000000 1.548285 -0.135304
v -0.026962 1.548285 -0.137959
v -0.052888 1.548285 -0.145824
v -0.076782 1.548285 -0.158595
v -0.097725 1.548285 -0.175783
v -0.114912 1.548285 -0.196726
v -0.127683 1.548285 -0.220619
v -0.135548 1.548285 -0.246545
v -0.138203 1.548285 -0.273507
v -0.135548 1.548285 -0.300470
v -0.127683 1.548285 -0.326396
v -0.114912 1.548285 -0.350289
v -0.097725 1.548285 -0.371232
v -0.076782 1.548285 -0.388419
v -0.052888 1.548285 -0.401191
v -0.026962 1.548285 -0.409055
v 0.001139 1.838976 -0.599283
v 0.028101 1.838976 -0.596627
v 0.054027 1.838976 -0.588762
v 0.077920 1.838976 -0.575991
v 0.098863 1.838976 -0.558804
v 0.116051 1.838976 -0.537861
v 0.128822 1.838976 -0.513967
v 0.136687 1.838976 -0.488041
v 0.139342 1.838976 -0.461079
v 0.136687 1.838976 -0.434117
v 0.128822 1.838976 -0.408191
v 0.116051 1.838976 -0.384297
v 0.098863 1.838976 -0.363355
v 0.077920 1.838976 -0.346167
v 0.054027 1.838976 -0.333396
v 0.028101 1.838976 -0.325531
v 0.001139 1.838976 -0.322876
v -0.025823 1.838976 -0.325531
v -0.051749 1.838976 -0.333396
v -0.075643 1.838976 -0.346167
v -0.096586 1.838976 -0.363355
v -0.113773 1.838976 -0.384297
v -0.126545 1.838976 -0.408191
v -0.134409 1.838976 -0.434117
v -0.137065 1.838976 -0.461079
v -0.134409 1.838976 -0.488041
v -0.126545 1.838976 -0.513967
v -0.113773 1.838976 -0.537861
v -0.096586 1.838976 -0.558804
v -0.075643 1.838976 -0.575991
v -0.051749 1.838976 -0.588762
v -0.025823 1.838976 -0.596627
v 0.026962 1.257595 -0.187967
v 0.052888 1.257595 -0.180102
v 0.076782 1.257595 -0.167331
v 0.097725 1.257595 -0.150143
v 0.114912 1.257595 -0.129201
v 0.127683 1.257595 -0.105307
v 0.135548 1.257595 -0.079381
v 0.138203 1.257595 -0.052419
v 0.135548 1.257595 -0.025457
v 0.127683 1.257595 0.000469
v 0.114912 1.257595 0.024363
v 0.097725 1.257595 0.045306
v 0.076782 1.257595 0.062493
v 0.052888 1.257595 0.075264
v 0.026962 1.257595 0.083129
v 0.000000 1.257595 0.085785
v -0.026962 1.257595 0.083129
v -0.052888 1.257595 0.075264
v -0.076782 1.257595 0.062493
v -0.097725 1.257595 0.045306
v -0.114912 1.257595 0.024363
v -0.127683 1.257595 0.000469
v -0.135548 1.257595 -0.025457
v -0.138203 1.257595 -0.052419
v -0.135548 1.257595 -0.079381
v -0.127683 1.257595 -0.105307
v -0.114912 1.257595 -0.129201
v -0.097725 1.257595 -0.150143
v -0.076782 1.257595 -0.167331
v -0.052888 1.257595 -0.180102
v -0.026962 1.257595 -0.187967
v 0.000000 1.257595 -0.190622
v 0.026962 1.693631 -0.516474
v 0.052888 1.693631 -0.508609
v 0.076782 1.693631 -0.495838
v 0.097725 1.693631 -0.478651
v 0.114912 1.693631 -0.457708
v 0.127683 1.693631 -0.433814
v 0.135548 1.693631 -0.407888
v 0.138203 1.693631 -0.380926
v 0.135548 1.693631 -0.353964
v 0.127683 1.693631 -0.328038
v 0.114912 1.693631 -0.304144
v 0.097725 1.693631 -0.283201
v 0.076782 1.693631 -0.266014
v 0.052888 1.693631 -0.253243
v 0.026962 1.693631 -0.245378
v 0.001285 1.693631 -0.238465
v -0.026962 1.693631 -0.245378
v -0.052888 1.693631 -0.253243
v -0.076782 1.693631 -0.266014
v -0.097725 1.693631 -0.283201
v -0.114912 1.693631 -0.304144
v -0.127683 1.693631 -0.328038
v -0.135548 1.693631 -0.353964
v -0.138203 1.693631 -0.380926
v -0.135548 1.693631 -0.407888
v -0.127683 1.693631 -0.433814
v -0.114912 1.693631 -0.457708
v -0.097725 1.693631 -0.478651
v -0.076782 1.693631 -0.495838
v -0.052888 1.693631 -0.508609
v -0.026962 1.693631 -0.516474
v 0.000000 1.693631 -0.519129
v 0.000000 1.402940 -0.310318
v 0.026962 1.402940 -0.307662
v 0.052888 1.402940 -0.299798
v 0.076782 1.402940 -0.287026
v 0.097725 1.402940 -0.269839
v 0.114912 1.402940 -0.248896
v 0.127683 1.402940 -0.225002
v 0.135548 1.402940 -0.199077
v 0.138203 1.402940 -0.172114
v 0.135548 1.402940 -0.145152
v 0.127683 1.402940 -0.119226
v 0.114912 1.402940 -0.095333
v 0.097725 1.402940 -0.074390
v 0.076782 1.402940 -0.057202
v 0.052888 1.402940 -0.044431
v 0.026962 1.402940 -0.036566
v 0.000000 1.402940 -0.033911
v -0.026962 1.402940 -0.036566
v -0.052888 1.402940 -0.044431
v -0.076782 1.402940 -0.057202
v -0.097725 1.402940 -0.074390
v -0.114912 1.402940 -0.095333
v -0.127683 1.402940 -0.119226
v -0.135548 1.402940 -0.145152
v -0.138203 1.402940 -0.172114
v -0.135548 1.402940 -0.199077
v -0.127683 1.402940 -0.225002
v -0.114912 1.402940 -0.248896
v -0.097725 1.402940 -0.269839
v -0.076782 1.402940 -0.287026
v -0.052888 1.402940 -0.299798
v -0.026962 1.402940 -0.307662
v 0.026962 1.112249 -0.147261
v 0.052888 1.112249 -0.139396
v 0.076782 1.112249 -0.126625
v 0.097725 1.112249 -0.109437
v 0.114912 1.112249 -0.088494
v 0.127683 1.112249 -0.064601
v 0.135548 1.112249 -0.038675
v 0.138203 1.112249 -0.011713
v 0.135548 1.112249 0.015250
v 0.127683 1.112249 0.041176
v 0.114912 1.112249 0.065069
v 0.097725 1.112249 0.086012
v 0.076782 1.112249 0.103199
v 0.052888 1.112249 0.115971
v 0.026962 1.112249 0.123835
v 0.000000 1.112249 0.126491
v -0.026962 1.112249 0.123835
v -0.052888 1.112249 0.115971
v -0.076782 1.112249 0.103199
v -0.097725 1.112249 0.086012
v -0.114912 1.112249 0.065069
v -0.127683 1.112249 0.041176
v -0.135548 1.112249 0.015250
v -0.138203 1.112249 -0.011713
v -0.135548 1.112249 -0.038675
v -0.127683 1.112249 -0.064601
v -0.114912 1.112249 -0.088494
v -0.097725 1.112249 -0.109437
v -0.076782 1.112249 -0.126625
v -0.052888 1.112249 -0.139396
v -0.026962 1.112249 -0.147261
v 0.000000 1.112249 -0.149916
v 0.000000 1.984321 -0.676083
v 0.026962 1.984321 -0.673427
v 0.052888 1.984321 -0.665563
v 0.076782 1.984321 -0.652791
v 0.097725 1.984321 -0.635604
v 0.114912 1.984321 -0.614661
v 0.127683 1.984321 -0.590767
v 0.135548 1.984321 -0.564841
v 0.138203 1.984321 -0.537879
v 0.135548 1.984321 -0.510917
v 0.127683 1.984321 -0.484991
v 0.114912 1.984321 -0.461097
v 0.097725 1.984321 -0.440155
v 0.076782 1.984321 -0.422967
v 0.052888 1.984321 -0.410196
v 0.026962 1.984321 -0.402331
v 0.000000 1.984321 -0.399676
v -0.026962 1.984321 -0.402331
v -0.052888 1.984321 -0.410196
v -0.076782 1.984321 -0.422967
v -0.097725 1.984321 -0.440155
v -0.114912 1.984321 -0.461097
v -0.127683 1.984321 -0.484991
v -0.135548 1.984321 -0.510917
v -0.138203 1.984321 -0.537879
v -0.135548 1.984321 -0.564841
v -0.127683 1.984321 -0.590767
v -0.114912 1.984321 -0.614661
v -0.097725 1.984321 -0.635604
v -0.076782 1.984321 -0.652791
v -0.052888 1.984321 -0.665563
v -0.026962 1.984321 -0.673427
v 0.195090 -0.343590 -0.980785
v 0.000000 -0.343590 -1.000000
v 0.382683 -0.343590 -0.923879
v 0.555570 -0.343590 -0.831469
v 0.707107 -0.343590 -0.707107
v 0.831470 -0.343590 -0.555570
v 0.923879 -0.343590 -0.382683
v 0.980785 -0.343590 -0.195090
v 1.000000 -0.343590 0.000000
v 0.980785 -0.343590 0.195090
v 0.923879 -0.343590 0.382683
v 0.831469 -0.343590 0.555570
v 0.707106 -0.343590 0.707107
v 0.555570 -0.343590 0.831469
v 0.382683 -0.343590 0.923879
v 0.195090 -0.343590 0.980785
v -0.000000 -0.343590 0.999999
v -0.195091 -0.343590 0.980785
v -0.382683 -0.343590 0.923879
v -0.555570 -0.343590 0.831469
v -0.707106 -0.343590 0.707106
v -0.831469 -0.343590 0.555569
v -0.923879 -0.343590 0.382683
v -0.980784 -0.343590 0.195090
v -0.999999 -0.343590 -0.000000
v -0.980784 -0.343590 -0.195091
v -0.923878 -0.343590 -0.382683
v -0.831468 -0.343590 -0.555570
v -0.707106 -0.343590 -0.707106
v -0.555569 -0.343590 -0.831469
v -0.382683 -0.343590 -0.923879
v -0.195090 -0.343590 -0.980784
v 0.045538 -1.134607 -0.228936
v 0.000002 -1.134607 -0.233421
v 0.089326 -1.134607 -0.215653
v 0.129682 -1.134607 -0.194083
v 0.165054 -1.134607 -0.165054
v 0.194082 -1.134607 -0.129682
v 0.215653 -1.134607 -0.089327
v 0.228936 -1.134607 -0.045538
v 0.233421 -1.134607 -0.000000
v 0.228936 -1.134607 0.045538
v 0.215653 -1.134607 0.089326
v 0.194082 -1.134607 0.129682
v 0.165053 -1.134607 0.165053
v 0.129682 -1.134607 0.194082
v 0.089326 -1.134607 0.215653
v 0.045538 -1.134607 0.228936
v 0.000000 -1.134607 0.233421
v -0.045538 -1.134607 0.228935
v -0.089326 -1.134607 0.215652
v -0.129681 -1.134607 0.194082
v -0.165053 -1.134607 0.165053
v -0.194082 -1.134607 0.129682
v -0.215652 -1.134607 0.089326
v -0.228935 -1.134607 0.045538
v -0.233420 -1.134607 -0.000000
v -0.228935 -1.134607 -0.045538
v -0.215652 -1.134607 -0.089326
v -0.194082 -1.134607 -0.129681
v -0.165053 -1.134607 -0.165053
v -0.129681 -1.134607 -0.194082
v -0.089326 -1.134607 -0.215652
v -0.045535 -1.134607 -0.228936
v 0.195090 -0.549026 -0.980785
v -0.000000 -0.549026 -1.000000
v 0.382683 -0.549026 -0.923879
v 0.555570 -0.549026 -0.831469
v 0.707107 -0.549026 -0.707107
v 0.831470 -0.549026 -0.555570
v 0.923879 -0.549026 -0.382683
v 0.980785 -0.549026 -0.195090
v 1.000000 -0.549026 0.000000
v 0.980785 -0.549026 0.195090
v 0.923879 -0.549026 0.382683
v 0.831469 -0.549026 0.555570
v 0.707106 -0.549026 0.707107
v 0.555570 -0.549026 0.831469
v 0.382683 -0.549026 0.923879
v 0.195090 -0.549026 0.980785
v -0.000000 -0.549026 0.999999
v -0.195091 -0.549026 0.980785
v -0.382683 -0.549026 0.923879
v -0.555570 -0.549026 0.831469
v -0.707106 -0.549026 0.707106
v -0.831469 -0.549026 0.555569
v -0.923879 -0.549026 0.382683
v -0.980784 -0.549026 0.195090
v -0.999999 -0.549026 -0.000000
v -0.980784 -0.549026 -0.195091
v -0.923878 -0.549026 -0.382683
v -0.831468 -0.549026 -0.555570
v -0.707106 -0.549026 -0.707106
v -0.555569 -0.549026 -0.831469
v -0.382683 -0.549026 -0.923879
v -0.195090 -0.549026 -0.980784
v 0.141336 -0.771983 -0.710546
v 0.000001 -0.771983 -0.724466
v 0.277241 -0.771983 -0.669320
v 0.402492 -0.771983 -0.602372
v 0.512275 -0.771983 -0.512275
v 0.602372 -0.771983 -0.402492
v 0.669320 -0.771983 -0.277241
v 0.710546 -0.771983 -0.141336
v 0.724466 -0.771983 0.000000
v 0.710546 -0.771983 0.141336
v 0.669319 -0.771983 0.277241
v 0.602371 -0.771983 0.402492
v 0.512275 -0.771983 0.512275
v 0.402492 -0.771983 0.602372
v 0.277241 -0.771983 0.669319
v 0.141336 -0.771983 0.710546
v -0.000000 -0.771983 0.724466
v -0.141336 -0.771983 0.710545
v -0.277241 -0.771983 0.669319
v -0.402492 -0.771983 0.602371
v -0.512275 -0.771983 0.512274
v -0.602371 -0.771983 0.402491
v -0.669319 -0.771983 0.277241
v -0.710545 -0.771983 0.141336
v -0.724465 -0.771983 -0.000000
v -0.710545 -0.771983 -0.141337
v -0.669319 -0.771983 -0.277241
v -0.602371 -0.771983 -0.402492
v -0.512274 -0.771983 -0.512275
v -0.402491 -0.771983 -0.602371
v -0.277241 -0.771983 -0.669319
v -0.141335 -0.771983 -0.710545
v 0.101057 -0.771983 -0.508048
v 0.000001 -0.771983 -0.518002
v 0.198231 -0.771983 -0.478571
v 0.287786 -0.771983 -0.430703
v 0.366282 -0.771983 -0.366282
v 0.430703 -0.771983 -0.287786
v 0.478571 -0.771983 -0.198231
v 0.508048 -0.771983 -0.101057
v 0.518001 -0.771983 -0.000000
v 0.508048 -0.771983 0.101057
v 0.478571 -0.771983 0.198231
v 0.430702 -0.771983 0.287786
v 0.366282 -0.771983 0.366282
v 0.287786 -0.771983 0.430702
v 0.198230 -0.771983 0.478571
v 0.101057 -0.771983 0.508048
v 0.000000 -0.771983 0.518001
v -0.101057 -0.771983 0.508048
v -0.198231 -0.771983 0.478571
v -0.287786 -0.771983 0.430702
v -0.366282 -0.771983 0.366282
v -0.430702 -0.771983 0.287786
v -0.478570 -0.771983 0.198230
v -0.508048 -0.771983 0.101057
v -0.518001 -0.771983 -0.000000
v -0.508047 -0.771983 -0.101057
v -0.478570 -0.771983 -0.198230
v -0.430702 -0.771983 -0.287786
v -0.366282 -0.771983 -0.366282
v -0.287786 -0.771983 -0.430702
v -0.198230 -0.771983 -0.478570
v -0.101055 -0.771983 -0.508048
vn 0.0759 0.6326 -0.7708
vn 0.0865 0.4696 -0.8786
vn 0.0938 0.2890 -0.9527
vn 0.0975 0.0975 -0.9904
vn 0.0096 0.9951 -0.0980
vn 0.0707 0.6928 -0.7177
vn 0.0464 0.8810 -0.4709
vn 0.0624 0.7715 -0.6332
vn 0.1847 0.7715 -0.6088
vn 0.2248 0.6326 -0.7412
vn 0.2563 0.4696 -0.8448
vn 0.2779 0.2890 -0.9161
vn 0.2889 0.0976 -0.9524
vn 0.0286 0.9951 -0.0942
vn 0.2093 0.6928 -0.6901
vn 0.1374 0.8810 -0.4528
vn 0.4691 0.0975 -0.8777
vn 0.0464 0.9951 -0.0869
vn 0.3400 0.6928 -0.6360
vn 0.2231 0.8810 -0.4173
vn 0.2999 0.7715 -0.5611
vn 0.3651 0.6326 -0.6831
vn 0.4162 0.4696 -0.7786
vn 0.4513 0.2890 -0.8443
vn 0.4913 0.6326 -0.5987
vn 0.5601 0.4696 -0.6825
vn 0.6073 0.2890 -0.7400
vn 0.6314 0.0975 -0.7693
vn 0.0625 0.9951 -0.0761
vn 0.4575 0.6928 -0.5575
vn 0.3002 0.8810 -0.3658
vn 0.4036 0.7715 -0.4918
vn 0.0761 0.9951 -0.0625
vn 0.5575 0.6928 -0.4575
vn 0.3658 0.8810 -0.3002
vn 0.4918 0.7715 -0.4036
vn 0.5987 0.6326 -0.4913
vn 0.6825 0.4696 -0.5601
vn 0.7400 0.2890 -0.6073
vn 0.7693 0.0975 -0.6314
vn 0.6831 0.6326 -0.3651
vn 0.7786 0.4696 -0.4162
vn 0.8443 0.2890 -0.4513
vn 0.8777 0.0975 -0.4691
vn 0.0869 0.9951 -0.0464
vn 0.6360 0.6928 -0.3400
vn 0.4173 0.8810 -0.2230
vn 0.5611 0.7715 -0.2999
vn 0.6901 0.6928 -0.2093
vn 0.4528 0.8810 -0.1374
vn 0.6088 0.7715 -0.1847
vn 0.7412 0.6326 -0.2248
vn 0.8448 0.4696 -0.2563
vn 0.9161 0.2890 -0.2779
vn 0.9524 0.0975 -0.2889
vn 0.0942 0.9951 -0.0286
vn 0.8786 0.4696 -0.0865
vn 0.9527 0.2890 -0.0938
vn 0.9904 0.0975 -0.0975
vn 0.0980 0.9951 -0.0097
vn 0.7177 0.6928 -0.0707
vn 0.4709 0.8810 -0.0464
vn 0.6332 0.7715 -0.0624
vn 0.7708 0.6326 -0.0759
vn 0.4709 0.8810 0.0464
vn 0.6332 0.7715 0.0624
vn 0.7708 0.6326 0.0759
vn 0.8786 0.4696 0.0865
vn 0.9527 0.2890 0.0938
vn 0.9904 0.0975 0.0976
vn 0.0980 0.9951 0.0097
vn 0.7177 0.6928 0.0707
vn 0.9161 0.2890 0.2779
vn 0.9524 0.0975 0.2889
vn 0.0942 0.9951 0.0286
vn 0.6901 0.6928 0.2093
vn 0.4528 0.8810 0.1374
vn 0.6088 0.7715 0.1847
vn 0.7412 0.6326 0.2248
vn 0.8448 0.4696 0.2563
vn 0.4173 0.8810 0.2231
vn 0.5611 0.7715 0.2999
vn 0.6831 0.6326 0.3651
vn 0.7786 0.4696 0.4162
vn 0.8443 0.2890 0.4513
vn 0.8777 0.0975 0.4691
vn 0.0869 0.9951 0.0464
vn 0.6360 0.6928 0.3400
vn 0.7400 0.2890 0.6073
vn 0.7693 0.0975 0.6314
vn 0.0761 0.9951 0.0625
vn 0.5575 0.6928 0.4575
vn 0.3658 0.8810 0.3002
vn 0.4918 0.7715 0.4036
vn 0.5987 0.6326 0.4913
vn 0.6825 0.4696 0.5601
vn 0.4036 0.7715 0.4918
vn 0.4913 0.6326 0.5987
vn 0.5601 0.4696 0.6825
vn 0.6073 0.2890 0.7400
vn 0.6314 0.0975 0.7693
vn 0.0625 0.9951 0.0761
vn 0.4575 0.6928 0.5575
vn 0.3002 0.8810 0.3658
vn 0.4691 0.0975 0.8777
vn 0.0464 0.9951 0.0869
vn 0.3400 0.6928 0.6360
vn 0.2230 0.8810 0.4173
vn 0.2999 0.7715 0.5611
vn 0.3651 0.6326 0.6831
vn 0.4162 0.4696 0.7786
vn 0.4513 0.2890 0.8443
vn 0.1847 0.7715 0.6088
vn 0.2248 0.6326 0.7412
vn 0.2563 0.4696 0.8448
vn 0.2779 0.2890 0.9161
vn 0.2889 0.0975 0.9524
vn 0.0286 0.9951 0.0942
vn 0.2093 0.6928 0.6901
vn 0.1374 0.8810 0.4528
vn 0.0975 0.0975 0.9904
vn 0.0097 0.9951 0.0980
vn 0.0707 0.6928 0.7177
vn 0.0464 0.8810 0.4709
vn 0.0624 0.7715 0.6332
vn 0.0759 0.6326 0.7708
vn 0.0865 0.4696 0.8786
vn 0.0938 0.2890 0.9527
vn -0.0759 0.6326 0.7708
vn -0.0865 0.4696 0.8786
vn -0.0938 0.2890 0.9527
vn -0.0976 0.0975 0.9904
vn -0.0097 0.9951 0.0980
vn -0.0707 0.6928 0.7177
vn -0.0464 0.8810 0.4709
vn -0.0624 0.7715 0.6332
vn -0.2093 0.6928 0.6901
vn -0.1374 0.8810 0.4528
vn -0.1847 0.7715 0.6088
vn -0.2248 0.6326 0.7412
vn -0.2563 0.4696 0.8448
vn -0.2779 0.2890 0.9161
vn -0.2889 0.0975 0.9524
vn -0.0286 0.9951 0.0942
vn -0.4162 0.4696 0.7786
vn -0.4513 0.2890 0.8443
vn -0.4691 0.0975 0.8777
vn -0.0464 0.9951 0.0869
vn -0.3400 0.6928 0.6360
vn -0.2230 0.8810 0.4173
vn -0.2999 0.7715 0.5611
vn -0.3651 0.6326 0.6831
vn -0.4575 0.6928 0.5575
vn -0.3002 0.8810 0.3658
vn -0.4036 0.7715 0.4918
vn -0.4913 0.6326 0.5987
vn -0.5601 0.4696 0.6825
vn -0.6073 0.2890 0.7400
vn -0.6314 0.0975 0.7693
vn -0.0625 0.9951 0.0761
vn -0.6825 0.4696 0.5601
vn -0.7400 0.2890 0.6073
vn -0.7693 0.0975 0.6314
vn -0.0761 0.9951 0.0625
vn -0.5575 0.6928 0.4575
vn -0.3658 0.8810 0.3002
vn -0.4918 0.7715 0.4036
vn -0.5987 0.6326 0.4913
vn -0.4173 0.8810 0.2230
vn -0.5611 0.7715 0.2999
vn -0.6831 0.6326 0.3651
vn -0.7786 0.4696 0.4162
vn -0.8443 0.2890 0.4513
vn -0.8777 0.0975 0.4691
vn -0.0869 0.9951 0.0464
vn -0.6360 0.6928 0.3400
vn -0.9161 0.2890 0.2779
vn -0.9524 0.0975 0.2889
vn -0.0942 0.9951 0.0286
vn -0.6901 0.6928 0.2093
vn -0.4528 0.8810 0.1374
vn -0.6088 0.7715 0.1847
vn -0.7412 0.6326 0.2248
vn -0.8448 0.4696 0.2563
vn -0.4709 0.8810 0.0464
vn -0.6332 0.7715 0.0624
vn -0.7708 0.6326 0.0759
vn -0.8786 0.4696 0.0865
vn -0.9527 0.2890 0.0938
vn -0.9904 0.0975 0.0975
vn -0.0980 0.9951 0.0097
vn -0.7177 0.6928 0.0707
vn -0.9527 0.2890 -0.0938
vn -0.9904 0.0975 -0.0975
vn -0.0980 0.9951 -0.0097
vn -0.7177 0.6928 -0.0707
vn -0.4709 0.8810 -0.0464
vn -0.6332 0.7715 -0.0624
vn -0.7708 0.6326 -0.0759
vn -0.8786 0.4696 -0.0865
vn -0.6088 0.7715 -0.1847
vn -0.7412 0.6326 -0.2248
vn -0.8448 0.4696 -0.2563
vn -0.9161 0.2890 -0.2779
vn -0.9524 0.0975 -0.2889
vn -0.0942 0.9951 -0.0286
vn -0.6901 0.6928 -0.2093
vn -0.4528 0.8810 -0.1374
vn -0.8777 0.0975 -0.4691
vn -0.0869 0.9951 -0.0464
vn -0.6360 0.6928 -0.3400
vn -0.4173 0.8810 -0.2231
vn -0.5611 0.7715 -0.2999
vn -0.6831 0.6326 -0.3651
vn -0.7786 0.4696 -0.4162
vn -0.8443 0.2890 -0.4513
vn -0.5987 0.6326 -0.4913
vn -0.6825 0.4696 -0.5601
vn -0.7400 0.2890 -0.6073
vn -0.7693 0.0975 -0.6314
vn -0.0761 0.9951 -0.0625
vn -0.5575 0.6928 -0.4575
vn -0.3658 0.8810 -0.3002
vn -0.4918 0.7715 -0.4036
vn -0.0625 0.9951 -0.0761
vn -0.4575 0.6928 -0.5575
vn -0.3002 0.8810 -0.3658
vn -0.4036 0.7715 -0.4918
vn -0.4913 0.6326 -0.5987
vn -0.5601 0.4696 -0.6825
vn -0.6073 0.2890 -0.7400
vn -0.6314 0.0975 -0.7693
vn -0.3651 0.6326 -0.6831
vn -0.4162 0.4696 -0.7786
vn -0.4513 0.2890 -0.8443
vn -0.4691 0.0975 -0.8777
vn -0.0464 0.9951 -0.0869
vn -0.3400 0.6928 -0.6360
vn -0.2230 0.8810 -0.4173
vn -0.2999 0.7715 -0.5611
vn -0.2093 0.6928 -0.6901
vn -0.1374 0.8810 -0.4528
vn -0.1847 0.7715 -0.6088
vn -0.2248 0.6326 -0.7412
vn -0.2563 0.4696 -0.8448
vn -0.2779 0.2890 -0.9161
vn -0.2889 0.0975 -0.9524
vn -0.0286 0.9951 -0.0942
vn -0.0865 0.4696 -0.8786
vn -0.0938 0.2890 -0.9527
vn -0.8819 -0.0000 -0.4714
vn -0.0976 0.0975 -0.9904
vn -0.0097 0.9951 -0.0980
vn -0.0707 0.6928 -0.7177
vn -0.0464 0.8810 -0.4709
vn -0.0624 0.7715 -0.6332
vn -0.0759 0.6326 -0.7708
vn -0.0286 0.9565 -0.2902
vn -0.0846 0.9565 -0.2790
vn -0.1374 0.9565 -0.2571
vn -0.1850 0.9565 -0.2254
vn -0.2254 0.9565 -0.1850
vn -0.2571 0.9565 -0.1374
vn -0.2790 0.9565 -0.0846
vn -0.2902 0.9565 -0.0286
vn -0.2902 0.9565 0.0286
vn -0.2790 0.9565 0.0846
vn -0.2571 0.9565 0.1374
vn -0.2254 0.9565 0.1850
vn -0.1850 0.9565 0.2254
vn -0.1374 0.9565 0.2571
vn -0.0846 0.9565 0.2790
vn -0.0286 0.9565 0.2902
vn 0.0286 0.9565 0.2902
vn 0.0846 0.9565 0.2790
vn 0.1374 0.9565 0.2571
vn 0.1850 0.9565 0.2254
vn 0.2254 0.9565 0.1850
vn 0.2571 0.9565 0.1374
vn 0.2790 0.9565 0.0846
vn 0.2902 0.9565 0.0286
vn 0.2902 0.9565 -0.0286
vn 0.2790 0.9565 -0.0846
vn 0.2571 0.9565 -0.1374
vn 0.2254 0.9565 -0.1850
vn 0.1850 0.9565 -0.2254
vn 0.1374 0.9565 -0.2571
vn 0.0846 0.9565 -0.2790
vn 0.0286 0.9565 -0.2902
vn -0.0000 1.0000 -0.0000
vn -0.0000 -1.0000 -0.0000
vn -0.0805 -0.5703 -0.8175
vn -0.2414 -0.5552 -0.7959
vn -0.4015 -0.5240 -0.7511
vn -0.5584 -0.4746 -0.6804
vn -0.7069 -0.4047 -0.5801
vn -0.8378 -0.3124 -0.4478
vn -0.9379 -0.1985 -0.2845
vn -0.9929 -0.0682 -0.0978
vn -0.9929 0.0682 0.0978
vn -0.9379 0.1985 0.2845
vn -0.8378 0.3124 0.4478
vn -0.7069 0.4047 0.5801
vn -0.5584 0.4746 0.6804
vn -0.4015 0.5240 0.7511
vn -0.2414 0.5552 0.7959
vn -0.0805 0.5703 0.8175
vn 0.0805 0.5703 0.8175
vn 0.2414 0.5552 0.7959
vn 0.4015 0.5240 0.7511
vn 0.5584 0.4746 0.6804
vn 0.7069 0.4047 0.5801
vn 0.8378 0.3124 0.4478
vn 0.9379 0.1985 0.2845
vn 0.9929 0.0682 0.0978
vn 0.9929 -0.0682 -0.0978
vn 0.9379 -0.1985 -0.2845
vn 0.8378 -0.3124 -0.4478
vn 0.7069 -0.4047 -0.5801
vn 0.5584 -0.4746 -0.6804
vn 0.4015 -0.5240 -0.7511
vn 0.2414 -0.5552 -0.7959
vn 0.0805 -0.5703 -0.8175
vn -0.0860 -0.4806 -0.8727
vn -0.2570 -0.4651 -0.8471
vn -0.4245 -0.4347 -0.7942
vn -0.5846 -0.3883 -0.7124
vn -0.7310 -0.3251 -0.5999
vn -0.8550 -0.2453 -0.4570
vn -0.9460 -0.1508 -0.2870
vn -0.9941 -0.0462 -0.0979
vn -0.9933 0.0617 0.0978
vn -0.9438 0.1653 0.2863
vn -0.8521 0.2578 0.4555
vn -0.7283 0.3353 0.5977
vn -0.5825 0.3960 0.7098
vn -0.4233 0.4400 0.7919
vn -0.2565 0.4683 0.8455
vn -0.2071 0.4912 0.8461
vn 0.2267 0.4893 0.8421
vn 0.2570 0.4651 0.8471
vn 0.4245 0.4347 0.7942
vn 0.5846 0.3883 0.7124
vn 0.7310 0.3251 0.5999
vn 0.8550 0.2453 0.4570
vn 0.9460 0.1508 0.2870
vn 0.9941 0.0462 0.0979
vn 0.9933 -0.0617 -0.0978
vn 0.9438 -0.1653 -0.2863
vn 0.8521 -0.2578 -0.4555
vn 0.7283 -0.3353 -0.5977
vn 0.5825 -0.3960 -0.7098
vn 0.4233 -0.4400 -0.7919
vn 0.2565 -0.4683 -0.8455
vn 0.0859 -0.4816 -0.8722
vn 0.0944 -0.2685 -0.9586
vn 0.2804 -0.2589 -0.9243
vn 0.4576 -0.2398 -0.8562
vn 0.6200 -0.2116 -0.7555
vn 0.7611 -0.1749 -0.6246
vn 0.8743 -0.1309 -0.4673
vn 0.9538 -0.0810 -0.2893
vn 0.9948 -0.0274 -0.0980
vn 0.9948 0.0274 0.0980
vn 0.9538 0.0810 0.2893
vn 0.8743 0.1309 0.4673
vn 0.7611 0.1749 0.6246
vn 0.6200 0.2116 0.7555
vn 0.4576 0.2398 0.8562
vn 0.2804 0.2589 0.9243
vn 0.0944 0.2685 0.9586
vn -0.0944 0.2685 0.9586
vn -0.2804 0.2589 0.9243
vn -0.4576 0.2398 0.8562
vn -0.6200 0.2116 0.7555
vn -0.7611 0.1749 0.6246
vn -0.8743 0.1309 0.4673
vn -0.9538 0.0810 0.2893
vn -0.9948 0.0274 0.0980
vn -0.9948 -0.0274 -0.0980
vn -0.9538 -0.0810 -0.2893
vn -0.8743 -0.1309 -0.4673
vn -0.7611 -0.1749 -0.6246
vn -0.6200 -0.2116 -0.7555
vn -0.4576 -0.2398 -0.8562
vn -0.2804 -0.2589 -0.9243
vn -0.0944 -0.2685 -0.9586
vn 0.0790 -0.5925 -0.8017
vn 0.2370 -0.5774 -0.7813
vn 0.3949 -0.5460 -0.7388
vn 0.5508 -0.4961 -0.6712
vn 0.6999 -0.4245 -0.5744
vn 0.8328 -0.3290 -0.4452
vn 0.9357 -0.2098 -0.2838
vn 0.9926 -0.0723 -0.0978
vn 0.9926 0.0723 0.0978
vn 0.9357 0.2098 0.2838
vn 0.8328 0.3290 0.4452
vn 0.6999 0.4245 0.5744
vn 0.5508 0.4961 0.6712
vn 0.3949 0.5460 0.7388
vn 0.2370 0.5774 0.7813
vn 0.0801 0.5765 0.8132
vn -0.0800 0.5774 0.8125
vn -0.2370 0.5774 0.7813
vn -0.3949 0.5460 0.7388
vn -0.5508 0.4961 0.6712
vn -0.6999 0.4245 0.5744
vn -0.8328 0.3290 0.4452
vn -0.9357 0.2098 0.2838
vn -0.9926 0.0723 0.0978
vn -0.9926 -0.0723 -0.0978
vn -0.9357 -0.2098 -0.2838
vn -0.8328 -0.3290 -0.4452
vn -0.6999 -0.4245 -0.5744
vn -0.5508 -0.4961 -0.6712
vn -0.3949 -0.5460 -0.7388
vn -0.2370 -0.5774 -0.7813
vn -0.0790 -0.5925 -0.8017
vn 0.0758 -0.6339 -0.7697
vn 0.2280 -0.6190 -0.7516
vn 0.3814 -0.5876 -0.7136
vn 0.5352 -0.5370 -0.6521
vn 0.6851 -0.4631 -0.5623
vn 0.8221 -0.3619 -0.4394
vn 0.9307 -0.2325 -0.2823
vn 0.9920 -0.0805 -0.0977
vn 0.9920 0.0805 0.0977
vn 0.9307 0.2325 0.2823
vn 0.8221 0.3619 0.4394
vn 0.6851 0.4631 0.5623
vn 0.5352 0.5370 0.6521
vn 0.3814 0.5876 0.7136
vn 0.2280 0.6190 0.7516
vn 0.0758 0.6339 0.7697
vn -0.0758 0.6339 0.7697
vn -0.2280 0.6190 0.7516
vn -0.3814 0.5876 0.7136
vn -0.5352 0.5370 0.6521
vn -0.6851 0.4631 0.5623
vn -0.8221 0.3619 0.4394
vn -0.9307 0.2325 0.2823
vn -0.9920 0.0805 0.0977
vn -0.9920 -0.0805 -0.0977
vn -0.9307 -0.2325 -0.2823
vn -0.8221 -0.3619 -0.4394
vn -0.6851 -0.4631 -0.5623
vn -0.5352 -0.5370 -0.6521
vn -0.3814 -0.5876 -0.7136
vn -0.2280 -0.6190 -0.7516
vn -0.0758 -0.6339 -0.7697
vn -0.0977 -0.0799 -0.9920
vn -0.2894 -0.0769 -0.9541
vn -0.4702 -0.0709 -0.8797
vn -0.6332 -0.0622 -0.7715
vn -0.7720 -0.0511 -0.6336
vn -0.8813 -0.0380 -0.4711
vn -0.9567 -0.0234 -0.2902
vn -0.9952 -0.0079 -0.0980
vn -0.9952 0.0079 0.0980
vn -0.9567 0.0234 0.2902
vn -0.8813 0.0380 0.4711
vn -0.7720 0.0511 0.6336
vn -0.6332 0.0622 0.7715
vn -0.4702 0.0709 0.8797
vn -0.2894 0.0769 0.9541
vn -0.0977 0.0799 0.9920
vn 0.0977 0.0799 0.9920
vn 0.2894 0.0769 0.9541
vn 0.4702 0.0709 0.8797
vn 0.6332 0.0622 0.7715
vn 0.7720 0.0511 0.6336
vn 0.8813 0.0380 0.4711
vn 0.9567 0.0234 0.2902
vn 0.9952 0.0079 0.0980
vn 0.9952 -0.0079 -0.0980
vn 0.9567 -0.0234 -0.2902
vn 0.8813 -0.0380 -0.4711
vn 0.7720 -0.0511 -0.6336
vn 0.6332 -0.0622 -0.7715
vn 0.4702 -0.0709 -0.8797
vn 0.2894 -0.0769 -0.9541
vn 0.0977 -0.0799 -0.9920
vn -0.0867 -0.4660 -0.8805
vn -0.2588 -0.4529 -0.8532
vn -0.4267 -0.4251 -0.7983
vn -0.5863 -0.3821 -0.7144
vn -0.7316 -0.3230 -0.6004
vn -0.8544 -0.2480 -0.4567
vn -0.9448 -0.1588 -0.2866
vn -0.9934 -0.0595 -0.0978
vn -0.9942 0.0440 0.0979
vn -0.9469 0.1444 0.2872
vn -0.8571 0.2354 0.4582
vn -0.7343 0.3127 0.6026
vn -0.5883 0.3742 0.7169
vn -0.4279 0.4196 0.8005
vn -0.2593 0.4496 0.8548
vn -0.0868 0.4649 0.8811
vn 0.0867 0.4660 0.8805
vn 0.2588 0.4529 0.8532
vn 0.4267 0.4251 0.7983
vn 0.5863 0.3821 0.7144
vn 0.7316 0.3230 0.6004
vn 0.8544 0.2480 0.4567
vn 0.9448 0.1588 0.2866
vn 0.9934 0.0595 0.0978
vn 0.9942 -0.0440 -0.0979
vn 0.9469 -0.1444 -0.2872
vn 0.8571 -0.2354 -0.4582
vn 0.7343 -0.3127 -0.6026
vn 0.5883 -0.3742 -0.7169
vn 0.4279 -0.4196 -0.8005
vn 0.2593 -0.4496 -0.8548
vn 0.0868 -0.4649 -0.8811
vn 0.9952 -0.0000 0.0980
vn -0.9952 -0.0000 0.0980
vn -0.0980 -0.0000 0.9952
vn 0.9569 -0.0000 0.2903
vn 0.4714 -0.0000 -0.8819
vn -0.9569 -0.0000 -0.2903
vn -0.4714 -0.0000 0.8819
vn -0.6344 -0.0000 -0.7730
vn 0.0980 -0.0000 -0.9952
vn 0.7730 -0.0000 0.6344
vn 0.2903 -0.0000 -0.9569
vn -0.7730 -0.0000 -0.6344
vn 0.4714 -0.0000 0.8819
vn 0.7730 -0.0000 -0.6344
vn -0.2903 -0.0000 -0.9569
vn -0.7730 -0.0000 0.6344
vn 0.8819 -0.0000 0.4714
vn 0.6344 -0.0000 -0.7730
vn 0.9569 -0.0000 -0.2903
vn -0.0980 -0.0000 -0.9952
vn -0.4714 -0.0000 -0.8819
vn -0.9569 -0.0000 0.2903
vn -0.6344 -0.0000 0.7730
vn 0.0980 -0.0000 0.9952
vn 0.6344 -0.0000 0.7730
vn 0.8819 -0.0000 -0.4714
vn -0.8819 -0.0000 0.4714
vn -0.9952 -0.0000 -0.0980
vn -0.2903 -0.0000 0.9569
vn 0.2903 -0.0000 0.9569
vn 0.9952 -0.0000 -0.0980
vn 0.0618 -0.7759 -0.6278
vn 0.1831 -0.7759 -0.6037
vn 0.2974 -0.7759 -0.5564
vn 0.4002 -0.7759 -0.4877
vn 0.4877 -0.7759 -0.4002
vn 0.5564 -0.7759 -0.2974
vn 0.6037 -0.7759 -0.1831
vn 0.6278 -0.7759 -0.0618
vn 0.6278 -0.7759 0.0618
vn 0.6037 -0.7759 0.1831
vn 0.5564 -0.7759 0.2974
vn 0.4877 -0.7759 0.4002
vn 0.4002 -0.7759 0.4877
vn 0.2974 -0.7759 0.5564
vn 0.1831 -0.7759 0.6037
vn 0.0618 -0.7759 0.6278
vn -0.0618 -0.7759 0.6278
vn -0.1831 -0.7759 0.6037
vn -0.2974 -0.7759 0.5564
vn -0.4002 -0.7759 0.4877
vn -0.4877 -0.7759 0.4002
vn -0.5564 -0.7759 0.2974
vn -0.6037 -0.7759 0.1831
vn -0.6278 -0.7759 0.0618
vn -0.6278 -0.7759 -0.0618
vn -0.6037 -0.7759 -0.1831
vn -0.5564 -0.7759 -0.2974
vn -0.4877 -0.7759 -0.4002
vn -0.4002 -0.7759 -0.4877
vn -0.2974 -0.7759 -0.5564
vn -0.1831 -0.7759 -0.6037
vn -0.0618 -0.7759 -0.6278
vn 0.0772 -0.6155 -0.7843
vn 0.2288 -0.6155 -0.7542
vn 0.3715 -0.6155 -0.6951
vn 0.5000 -0.6155 -0.6092
vn 0.6092 -0.6155 -0.5000
vn 0.6951 -0.6155 -0.3715
vn 0.7542 -0.6155 -0.2288
vn 0.7843 -0.6155 -0.0773
vn 0.7843 -0.6155 0.0773
vn 0.7542 -0.6155 0.2288
vn 0.6951 -0.6155 0.3715
vn 0.6092 -0.6155 0.5000
vn 0.5000 -0.6155 0.6092
vn 0.3715 -0.6155 0.6951
vn 0.2288 -0.6155 0.7542
vn 0.0773 -0.6155 0.7843
vn -0.0772 -0.6155 0.7843
vn -0.2288 -0.6155 0.7542
vn -0.3715 -0.6155 0.6951
vn -0.5000 -0.6155 0.6092
vn -0.6092 -0.6155 0.5000
vn -0.6951 -0.6155 0.3715
vn -0.7542 -0.6155 0.2288
vn -0.7843 -0.6155 0.0773
vn -0.7843 -0.6155 -0.0772
vn -0.7542 -0.6155 -0.2288
vn -0.6951 -0.6155 -0.3715
vn -0.6092 -0.6155 -0.5000
vn -0.5000 -0.6155 -0.6092
vn -0.3715 -0.6155 -0.6951
vn -0.2288 -0.6155 -0.7542
vn -0.0773 -0.6155 -0.7843
vn 0.0975 0.0976 -0.9904
vn 0.2230 0.8810 -0.4173
vn 0.4173 0.8810 0.2230
vn -0.0975 0.0975 0.9904
vn -0.2231 0.8810 0.4173
vn -0.9904 0.0975 0.0976
vn -0.9904 0.0975 -0.0976
vn 0.1850 0.9566 0.2254
vn -0.0859 0.4816 0.8722
vn 0.0860 0.4806 0.8727
vn 0.9356 -0.2098 -0.2838
vn 0.9356 0.2098 0.2838
vn 0.2116 0.5809 0.7860
vn -0.1931 0.5832 0.7891
vn -0.9356 0.2098 0.2838
vn -0.9356 -0.2098 -0.2838
vn 0.0773 -0.6155 -0.7843
vn 0.7843 -0.6155 -0.0772
vn 0.7843 -0.6155 0.0772
vn 0.0772 -0.6155 0.7843
vn -0.7843 -0.6155 0.0772
vt 0.132518 0.176647
vt 0.176647 0.198712
vt 0.132518 0.198712
vt 0.088389 0.176647
vt 0.088389 0.198712
vt 0.044260 0.176647
vt 0.044260 0.198712
vt 0.000130 0.198712
vt 0.000130 0.176647
vt 0.309035 0.176647
vt 0.353164 0.187679
vt 0.309035 0.198712
vt 0.286970 0.176647
vt 0.286970 0.198712
vt 0.220776 0.176647
vt 0.264906 0.198712
vt 0.220776 0.198712
vt 0.176647 0.176647
vt 0.176647 0.220776
vt 0.132518 0.220776
vt 0.088389 0.220776
vt 0.044260 0.220776
vt 0.000130 0.220776
vt 0.353164 0.209744
vt 0.309035 0.220776
vt 0.286970 0.220776
vt 0.220776 0.220776
vt 0.000130 0.242841
vt 0.353164 0.231808
vt 0.309035 0.242841
vt 0.286970 0.242841
vt 0.264906 0.220776
vt 0.220776 0.242841
vt 0.176647 0.242841
vt 0.132518 0.242841
vt 0.088389 0.242841
vt 0.044260 0.242841
vt 0.132518 0.264905
vt 0.088389 0.264905
vt 0.044260 0.264905
vt 0.000130 0.264905
vt 0.353164 0.253873
vt 0.309035 0.264905
vt 0.286970 0.264905
vt 0.264906 0.242841
vt 0.220776 0.264905
vt 0.176647 0.264905
vt 0.353164 0.275938
vt 0.309035 0.286970
vt 0.286970 0.286970
vt 0.264906 0.264905
vt 0.220776 0.286970
vt 0.176647 0.286970
vt 0.132518 0.286970
vt 0.088389 0.286970
vt 0.044260 0.286970
vt 0.000130 0.286970
vt 0.176647 0.309034
vt 0.132518 0.309034
vt 0.088389 0.309034
vt 0.044260 0.309035
vt 0.000130 0.309035
vt 0.353164 0.298002
vt 0.309035 0.309034
vt 0.286970 0.309034
vt 0.264906 0.286970
vt 0.220776 0.309034
vt 0.286970 0.331099
vt 0.264906 0.309034
vt 0.220776 0.331099
vt 0.176647 0.331099
vt 0.132518 0.331099
vt 0.088389 0.331099
vt 0.044260 0.331099
vt 0.000130 0.331099
vt 0.353164 0.320067
vt 0.309035 0.331099
vt 0.088389 0.353164
vt 0.044260 0.353164
vt 0.000130 0.353164
vt 0.353164 0.342131
vt 0.309035 0.353164
vt 0.286970 0.353164
vt 0.264906 0.331099
vt 0.220776 0.353164
vt 0.176647 0.353164
vt 0.132518 0.353164
vt 0.264906 0.353164
vt 0.220776 0.375228
vt 0.176647 0.375228
vt 0.132518 0.375228
vt 0.088389 0.375228
vt 0.044260 0.375228
vt 0.000131 0.375228
vt 0.353164 0.364196
vt 0.309035 0.375228
vt 0.286970 0.375228
vt 0.088389 0.397293
vt 0.044260 0.397293
vt 0.000131 0.397293
vt 0.353164 0.386261
vt 0.309035 0.397293
vt 0.286970 0.397293
vt 0.264906 0.397293
vt 0.220776 0.397293
vt 0.176647 0.397293
vt 0.132518 0.397293
vt 0.264906 0.419357
vt 0.220776 0.419357
vt 0.176647 0.419357
vt 0.132518 0.419357
vt 0.088389 0.419357
vt 0.044260 0.419357
vt 0.000131 0.419357
vt 0.353164 0.408325
vt 0.309035 0.419357
vt 0.286970 0.419357
vt 0.088389 0.441422
vt 0.044260 0.441422
vt 0.000131 0.441422
vt 0.353164 0.430390
vt 0.309035 0.441422
vt 0.286970 0.441422
vt 0.220776 0.441422
vt 0.176647 0.441422
vt 0.132518 0.441422
vt 0.176647 0.463487
vt 0.132518 0.463487
vt 0.088389 0.463487
vt 0.044260 0.463487
vt 0.000131 0.463487
vt 0.353164 0.452454
vt 0.309035 0.463487
vt 0.286970 0.463487
vt 0.264906 0.463487
vt 0.220776 0.463487
vt 0.044260 0.485551
vt 0.000131 0.485551
vt 0.353164 0.474519
vt 0.309035 0.485551
vt 0.286970 0.485551
vt 0.220776 0.485551
vt 0.176647 0.485551
vt 0.132518 0.485551
vt 0.088389 0.485551
vt 0.176647 0.507616
vt 0.132518 0.507616
vt 0.088389 0.507616
vt 0.044260 0.507616
vt 0.000131 0.507616
vt 0.353164 0.496583
vt 0.309035 0.507616
vt 0.286970 0.507616
vt 0.264906 0.485551
vt 0.220776 0.507616
vt 0.044260 0.529680
vt 0.000131 0.529680
vt 0.353164 0.518648
vt 0.309035 0.529680
vt 0.286970 0.529680
vt 0.264906 0.529680
vt 0.220776 0.529680
vt 0.176647 0.529680
vt 0.132518 0.529680
vt 0.088389 0.529680
vt 0.176647 0.551745
vt 0.132518 0.551745
vt 0.088389 0.551745
vt 0.044260 0.551745
vt 0.000131 0.551745
vt 0.353164 0.540713
vt 0.309035 0.551745
vt 0.286970 0.551745
vt 0.220776 0.551745
vt 0.286970 0.573810
vt 0.264906 0.551745
vt 0.220776 0.573810
vt 0.176647 0.573810
vt 0.132518 0.573810
vt 0.088389 0.573810
vt 0.044260 0.573810
vt 0.000131 0.573810
vt 0.353164 0.562777
vt 0.309035 0.573810
vt 0.088389 0.595874
vt 0.044260 0.595874
vt 0.000131 0.595874
vt 0.353164 0.584842
vt 0.309035 0.595874
vt 0.286970 0.595874
vt 0.264906 0.573810
vt 0.220776 0.595874
vt 0.176647 0.595874
vt 0.132518 0.595874
vt 0.286970 0.617939
vt 0.264906 0.595874
vt 0.220776 0.617939
vt 0.176647 0.617939
vt 0.132518 0.617939
vt 0.088389 0.617939
vt 0.044260 0.617939
vt 0.000131 0.617939
vt 0.353164 0.606906
vt 0.309035 0.617939
vt 0.088389 0.640003
vt 0.044260 0.640003
vt 0.000131 0.640003
vt 0.353164 0.628971
vt 0.309035 0.640003
vt 0.286970 0.640003
vt 0.264906 0.617939
vt 0.220776 0.640003
vt 0.176647 0.640003
vt 0.132518 0.640003
vt 0.264906 0.640003
vt 0.220776 0.662068
vt 0.176647 0.662068
vt 0.132518 0.662068
vt 0.088389 0.662068
vt 0.044260 0.662068
vt 0.000131 0.662068
vt 0.353164 0.651036
vt 0.309035 0.662068
vt 0.286970 0.662068
vt 0.088389 0.684133
vt 0.044260 0.684133
vt 0.000131 0.684133
vt 0.353164 0.673100
vt 0.309035 0.684132
vt 0.286970 0.684133
vt 0.264906 0.662068
vt 0.220776 0.684133
vt 0.176647 0.684133
vt 0.132518 0.684133
vt 0.264906 0.706197
vt 0.220776 0.706197
vt 0.176647 0.706197
vt 0.132518 0.706197
vt 0.088389 0.706197
vt 0.044260 0.706197
vt 0.000131 0.706197
vt 0.353164 0.695165
vt 0.309035 0.706197
vt 0.286970 0.706197
vt 0.044260 0.000130
vt 0.088389 0.022195
vt 0.044260 0.022195
vt 0.000130 0.000130
vt 0.000130 0.022195
vt 0.309035 0.000130
vt 0.353164 0.011163
vt 0.309035 0.022195
vt 0.286970 0.022195
vt 0.286970 0.000130
vt 0.220776 0.000130
vt 0.264906 0.022195
vt 0.220776 0.022195
vt 0.176647 0.022195
vt 0.176647 0.000130
vt 0.132518 0.000130
vt 0.132518 0.022195
vt 0.088389 0.000130
vt 0.176647 0.044259
vt 0.132518 0.044260
vt 0.088389 0.044259
vt 0.044260 0.044260
vt 0.000130 0.044260
vt 0.353164 0.033227
vt 0.309035 0.044259
vt 0.286970 0.044259
vt 0.264906 0.044259
vt 0.220776 0.044259
vt 0.044260 0.066324
vt 0.000130 0.066324
vt 0.353164 0.055292
vt 0.309035 0.066324
vt 0.286970 0.066324
vt 0.220776 0.066324
vt 0.176647 0.066324
vt 0.132518 0.066324
vt 0.088389 0.066324
vt 0.176647 0.088389
vt 0.132518 0.088389
vt 0.088389 0.088389
vt 0.044260 0.088389
vt 0.000130 0.088389
vt 0.353164 0.077356
vt 0.309035 0.088389
vt 0.286970 0.088389
vt 0.264906 0.088389
vt 0.220776 0.088389
vt 0.353164 0.099421
vt 0.309035 0.110453
vt 0.286970 0.110453
vt 0.264906 0.110453
vt 0.220776 0.110453
vt 0.176647 0.110453
vt 0.132518 0.110453
vt 0.088389 0.110453
vt 0.044260 0.110453
vt 0.000130 0.110453
vt 0.176647 0.132518
vt 0.132518 0.132518
vt 0.088389 0.132518
vt 0.044260 0.132518
vt 0.000130 0.132518
vt 0.353164 0.121486
vt 0.309035 0.132518
vt 0.286970 0.132518
vt 0.220776 0.132518
vt 0.286970 0.154582
vt 0.264906 0.154582
vt 0.220776 0.154582
vt 0.176647 0.154582
vt 0.132518 0.154582
vt 0.088389 0.154582
vt 0.044260 0.154582
vt 0.000130 0.154582
vt 0.353164 0.143550
vt 0.309035 0.154582
vt 0.353164 0.165615
vt 0.264906 0.176647
vt 0.264906 0.132518
vt 0.264906 0.066324
vt 0.264906 0.000130
vt 0.264906 0.684133
vt 0.264906 0.507616
vt 0.264906 0.441422
vt 0.264906 0.375228
vt 0.662329 0.331099
vt 0.662329 0.154582
vt 0.662329 0.684132
vt 0.999870 0.152161
vt 0.814620 0.000130
vt 0.662590 0.185380
vt 0.529941 0.684132
vt 0.485812 0.706197
vt 0.485812 0.684132
vt 0.529941 0.662068
vt 0.485812 0.662068
vt 0.529941 0.640003
vt 0.485812 0.640003
vt 0.529941 0.617939
vt 0.485812 0.617939
vt 0.529941 0.595874
vt 0.485812 0.595874
vt 0.529941 0.573810
vt 0.485812 0.573810
vt 0.529941 0.551745
vt 0.485812 0.551745
vt 0.529941 0.529680
vt 0.485812 0.529680
vt 0.529941 0.507616
vt 0.485812 0.507616
vt 0.529941 0.485551
vt 0.485812 0.485551
vt 0.529941 0.463487
vt 0.485812 0.463487
vt 0.529941 0.441422
vt 0.485812 0.441422
vt 0.529941 0.419357
vt 0.485812 0.419357
vt 0.529941 0.397293
vt 0.485812 0.397293
vt 0.529941 0.375228
vt 0.485812 0.375228
vt 0.529941 0.353164
vt 0.485812 0.353164
vt 0.485812 0.331099
vt 0.485812 0.309034
vt 0.529941 0.331099
vt 0.485812 0.286970
vt 0.529941 0.309034
vt 0.485812 0.264905
vt 0.529941 0.286970
vt 0.485812 0.242841
vt 0.529941 0.264905
vt 0.485812 0.220776
vt 0.529941 0.242841
vt 0.485812 0.198712
vt 0.529941 0.220776
vt 0.485812 0.176647
vt 0.529941 0.198712
vt 0.485812 0.154582
vt 0.529941 0.176647
vt 0.485812 0.132518
vt 0.529941 0.154582
vt 0.485812 0.110453
vt 0.529941 0.132518
vt 0.485812 0.088389
vt 0.529941 0.110453
vt 0.485812 0.066324
vt 0.529941 0.088389
vt 0.485812 0.044259
vt 0.529941 0.066324
vt 0.485812 0.022195
vt 0.529941 0.044259
vt 0.485812 0.000130
vt 0.529941 0.022195
vt 0.618200 0.684132
vt 0.574071 0.706197
vt 0.574071 0.684132
vt 0.618200 0.662068
vt 0.574071 0.662068
vt 0.618200 0.640003
vt 0.574070 0.640003
vt 0.618200 0.617939
vt 0.574070 0.617939
vt 0.618200 0.595874
vt 0.574070 0.595874
vt 0.618200 0.573810
vt 0.574070 0.573810
vt 0.618200 0.551745
vt 0.574070 0.551745
vt 0.618200 0.529680
vt 0.574070 0.529680
vt 0.618200 0.507616
vt 0.574070 0.507616
vt 0.618200 0.485551
vt 0.574070 0.485551
vt 0.618200 0.463487
vt 0.574070 0.463487
vt 0.618200 0.441422
vt 0.574070 0.441422
vt 0.618200 0.419357
vt 0.574070 0.419357
vt 0.618200 0.397293
vt 0.574070 0.397293
vt 0.618200 0.375228
vt 0.574070 0.375228
vt 0.618200 0.353164
vt 0.574070 0.353164
vt 0.574070 0.331099
vt 0.574070 0.309034
vt 0.618200 0.331099
vt 0.574070 0.286970
vt 0.618200 0.309034
vt 0.574070 0.264905
vt 0.618200 0.286970
vt 0.574070 0.242841
vt 0.618200 0.264905
vt 0.574070 0.220776
vt 0.618200 0.242841
vt 0.574070 0.198712
vt 0.618200 0.220776
vt 0.574070 0.176647
vt 0.618200 0.198712
vt 0.574070 0.154582
vt 0.618200 0.176647
vt 0.574070 0.132518
vt 0.618200 0.154582
vt 0.574070 0.110453
vt 0.618200 0.132518
vt 0.574070 0.088389
vt 0.618200 0.110453
vt 0.574070 0.066324
vt 0.618200 0.088389
vt 0.574070 0.044259
vt 0.618200 0.066324
vt 0.574070 0.022195
vt 0.618200 0.044259
vt 0.574070 0.000130
vt 0.618200 0.022195
vt 0.397554 0.000130
vt 0.441683 0.022195
vt 0.397554 0.022195
vt 0.441683 0.044259
vt 0.397554 0.044259
vt 0.441683 0.066324
vt 0.397554 0.066324
vt 0.441683 0.088389
vt 0.397554 0.088389
vt 0.441683 0.110453
vt 0.397554 0.110453
vt 0.441683 0.132518
vt 0.397554 0.132518
vt 0.441683 0.154582
vt 0.397554 0.154582
vt 0.441683 0.176647
vt 0.397554 0.176647
vt 0.441683 0.198712
vt 0.397554 0.198712
vt 0.441683 0.220776
vt 0.397554 0.220776
vt 0.441683 0.242841
vt 0.397554 0.242841
vt 0.441683 0.264905
vt 0.397554 0.264905
vt 0.441683 0.286970
vt 0.397554 0.286970
vt 0.441683 0.309034
vt 0.397554 0.309034
vt 0.441683 0.331099
vt 0.397554 0.331099
vt 0.441683 0.353164
vt 0.397554 0.353164
vt 0.397554 0.375228
vt 0.441683 0.375228
vt 0.397554 0.397293
vt 0.441683 0.397293
vt 0.397554 0.419357
vt 0.441683 0.419357
vt 0.397554 0.441422
vt 0.441683 0.441422
vt 0.397554 0.463487
vt 0.441683 0.463487
vt 0.397554 0.485551
vt 0.441683 0.485551
vt 0.397554 0.507616
vt 0.441683 0.507616
vt 0.397554 0.529680
vt 0.441683 0.529680
vt 0.397554 0.551745
vt 0.441683 0.551745
vt 0.397554 0.573810
vt 0.441683 0.573810
vt 0.397554 0.595874
vt 0.441683 0.595874
vt 0.397554 0.617939
vt 0.441683 0.617939
vt 0.397554 0.640003
vt 0.441683 0.640003
vt 0.397554 0.662068
vt 0.441683 0.662068
vt 0.397554 0.684132
vt 0.441683 0.684132
vt 0.397554 0.706197
vt 0.529941 0.000130
vt 0.529941 0.706197
vt 0.441683 0.000130
vt 0.441683 0.706197
vt 0.353425 0.706197
vt 0.353425 0.684132
vt 0.353425 0.662068
vt 0.353425 0.640003
vt 0.353425 0.617939
vt 0.353425 0.595874
vt 0.353425 0.573810
vt 0.353425 0.551745
vt 0.353425 0.529680
vt 0.353425 0.507616
vt 0.353425 0.485551
vt 0.353425 0.463487
vt 0.353425 0.441422
vt 0.353425 0.419357
vt 0.353425 0.397293
vt 0.353425 0.375228
vt 0.353425 0.353164
vt 0.353425 0.331099
vt 0.353425 0.309034
vt 0.353425 0.286970
vt 0.353425 0.264905
vt 0.353425 0.242841
vt 0.353425 0.220776
vt 0.353425 0.198712
vt 0.353425 0.176647
vt 0.353425 0.154582
vt 0.353425 0.132518
vt 0.353425 0.110453
vt 0.353425 0.088389
vt 0.353425 0.066324
vt 0.353425 0.044259
vt 0.353425 0.022195
vt 0.353425 0.000130
vt 0.618200 0.706197
vt 0.662329 0.662068
vt 0.662329 0.640003
vt 0.662329 0.617939
vt 0.662329 0.595874
vt 0.662329 0.573810
vt 0.662329 0.551745
vt 0.662329 0.529680
vt 0.662329 0.507616
vt 0.662329 0.485551
vt 0.662329 0.463487
vt 0.662329 0.441422
vt 0.662329 0.419357
vt 0.662329 0.397293
vt 0.662329 0.375228
vt 0.662329 0.353164
vt 0.662329 0.309034
vt 0.662329 0.286970
vt 0.662329 0.264905
vt 0.662329 0.242841
vt 0.662329 0.220776
vt 0.662329 0.198712
vt 0.662329 0.176647
vt 0.662329 0.132518
vt 0.662329 0.110453
vt 0.662329 0.088389
vt 0.662329 0.066324
vt 0.662329 0.044259
vt 0.618200 0.000130
vt 0.662329 0.022195
vt 0.000131 0.387362
vt 0.000130 0.363314
vt 0.000130 0.288716
vt 0.000130 0.211697
vt 0.000130 0.228016
vt 0.000130 0.244872
vt 0.000130 0.262116
vt 0.000130 0.279641
vt 0.000130 0.297364
vt 0.000130 0.315221
vt 0.000130 0.333153
vt 0.000130 0.351110
vt 0.000131 0.369042
vt 0.000131 0.386898
vt 0.000131 0.404622
vt 0.000130 0.422147
vt 0.000131 0.439391
vt 0.000131 0.456247
vt 0.000131 0.472566
vt 0.000130 0.488126
vt 0.000131 0.502581
vt 0.000131 0.515343
vt 0.000131 0.525308
vt 0.000131 0.530162
vt 0.000131 0.524351
vt 0.000131 0.493211
vt 0.000131 0.407133
vt 0.000131 0.277130
vt 0.000130 0.191051
vt 0.000130 0.159912
vt 0.000130 0.154101
vt 0.000130 0.158955
vt 0.000130 0.168920
vt 0.000130 0.181682
vt 0.000131 0.196137
vt 0.000130 0.242444
vt 0.000130 0.253894
vt 0.000131 0.266261
vt 0.000130 0.279295
vt 0.000130 0.292814
vt 0.000131 0.306677
vt 0.000131 0.320771
vt 0.000131 0.334997
vt 0.000131 0.349266
vt 0.000131 0.363492
vt 0.000131 0.377586
vt 0.000131 0.391449
vt 0.000131 0.404968
vt 0.000131 0.418002
vt 0.000131 0.430368
vt 0.000131 0.441819
vt 0.000131 0.451994
vt 0.000131 0.460352
vt 0.000130 0.466026
vt 0.000130 0.467573
vt 0.000131 0.462556
vt 0.000131 0.447088
vt 0.000131 0.416465
vt 0.000130 0.369468
vt 0.000130 0.314795
vt 0.000130 0.267798
vt 0.000130 0.237175
vt 0.000130 0.221707
vt 0.000130 0.216690
vt 0.000130 0.218237
vt 0.000130 0.223911
vt 0.000130 0.232269
vt 0.000130 0.292662
vt 0.000131 0.296900
vt 0.000130 0.302243
vt 0.000131 0.308445
vt 0.000131 0.315302
vt 0.000131 0.322642
vt 0.000131 0.330310
vt 0.000131 0.338170
vt 0.000131 0.346093
vt 0.000131 0.353953
vt 0.000131 0.361621
vt 0.000131 0.368960
vt 0.000131 0.375818
vt 0.000131 0.382020
vt 0.000131 0.391601
vt 0.000131 0.394443
vt 0.000131 0.395547
vt 0.000131 0.394526
vt 0.000130 0.390989
vt 0.000131 0.384615
vt 0.000130 0.375300
vt 0.000130 0.349424
vt 0.000130 0.334839
vt 0.000130 0.320949
vt 0.000130 0.308963
vt 0.000130 0.299648
vt 0.000131 0.293274
vt 0.000131 0.289736
vt 0.000131 0.289820
vt 0.662329 0.706197
vt 0.669070 0.217961
vt 0.681783 0.248651
vt 0.700238 0.276272
vt 0.723728 0.299762
vt 0.751349 0.318217
vt 0.782039 0.330930
vt 0.814620 0.337410
vt 0.847839 0.337410
vt 0.880420 0.330930
vt 0.911111 0.318217
vt 0.938731 0.299762
vt 0.962221 0.276272
vt 0.980677 0.248651
vt 0.993389 0.217961
vt 0.999870 0.185380
vt 0.993389 0.119580
vt 0.980676 0.088889
vt 0.962221 0.061269
vt 0.938731 0.037779
vt 0.911111 0.019324
vt 0.880420 0.006611
vt 0.847839 0.000130
vt 0.782039 0.006611
vt 0.751349 0.019324
vt 0.723728 0.037779
vt 0.700238 0.061269
vt 0.681783 0.088889
vt 0.669070 0.119580
vt 0.662590 0.152161
vt 0.662329 0.000130
s 0
usemtl マテリアル
f 3/1/1 9/2/1 10/3/1
f 257/4/2 10/3/2 11/5/2
f 4/6/3 11/5/3 12/7/3
f 4/6/4 13/8/4 5/9/4
f 254/10/5 1/11/5 6/12/5
f 289/13/6 6/12/6 258/14/6
f 2/15/7 7/16/7 8/17/7
f 256/18/8 8/17/8 9/2/8
f 8/17/9 17/19/9 9/2/9
f 9/2/10 18/20/10 10/3/10
f 10/3/11 19/21/11 11/5/11
f 12/7/12 19/21/12 20/22/12
f 12/7/13 21/23/13 13/8/13
f 6/12/14 1/24/14 14/25/14
f 6/12/15 259/26/15 258/14/15
f 7/16/16 16/27/16 8/17/16
f 20/22/17 29/28/17 21/23/17
f 14/25/18 1/29/18 22/30/18
f 14/25/19 260/31/19 259/26/19
f 15/32/20 24/33/20 16/27/20
f 16/27/21 25/34/21 17/19/21
f 17/19/22 26/35/22 18/20/22
f 18/20/23 27/36/23 19/21/23
f 19/21/24 28/37/24 20/22/24
f 25/34/25 34/38/25 26/35/25
f 26/35/26 35/39/26 27/36/26
f 28/37/27 35/39/27 36/40/27
f 29/28/28 36/40/28 37/41/28
f 22/30/29 1/42/29 30/43/29
f 22/30/30 261/44/30 260/31/30
f 23/45/31 32/46/31 24/33/31
f 24/33/32 33/47/32 25/34/32
f 30/43/33 1/48/33 38/49/33
f 30/43/34 262/50/34 261/44/34
f 31/51/35 40/52/35 32/46/35
f 32/46/36 41/53/36 33/47/36
f 34/38/37 41/53/37 42/54/37
f 34/38/38 43/55/38 35/39/38
f 36/40/39 43/55/39 44/56/39
f 37/41/40 44/56/40 45/57/40
f 42/54/41 49/58/41 50/59/41
f 42/54/42 51/60/42 43/55/42
f 44/56/43 51/60/43 52/61/43
f 45/57/44 52/61/44 53/62/44
f 38/49/45 1/63/45 46/64/45
f 38/49/46 263/65/46 262/50/46
f 39/66/47 48/67/47 40/52/47
f 40/52/48 49/58/48 41/53/48
f 46/64/49 264/68/49 263/65/49
f 47/69/50 56/70/50 48/67/50
f 48/67/51 57/71/51 49/58/51
f 50/59/52 57/71/52 58/72/52
f 50/59/53 59/73/53 51/60/53
f 52/61/54 59/73/54 60/74/54
f 53/62/55 60/74/55 61/75/55
f 46/64/56 1/76/56 54/77/56
f 58/72/57 67/78/57 59/73/57
f 60/74/58 67/78/58 68/79/58
f 61/75/59 68/79/59 69/80/59
f 54/77/60 1/81/60 62/82/60
f 54/77/61 265/83/61 264/68/61
f 55/84/62 64/85/62 56/70/62
f 56/70/63 65/86/63 57/71/63
f 58/72/64 65/86/64 66/87/64
f 63/88/65 72/89/65 64/85/65
f 64/85/66 73/90/66 65/86/66
f 66/87/67 73/90/67 74/91/67
f 66/87/68 75/92/68 67/78/68
f 68/79/69 75/92/69 76/93/69
f 69/80/70 76/93/70 77/94/70
f 62/82/71 1/95/71 70/96/71
f 62/82/72 266/97/72 265/83/72
f 76/93/73 83/98/73 84/99/73
f 77/94/74 84/99/74 85/100/74
f 70/96/75 1/101/75 78/102/75
f 70/96/76 267/103/76 266/97/76
f 72/89/77 79/104/77 80/105/77
f 72/89/78 81/106/78 73/90/78
f 74/91/79 81/106/79 82/107/79
f 74/91/80 83/98/80 75/92/80
f 80/105/81 87/108/81 88/109/81
f 80/105/82 89/110/82 81/106/82
f 82/107/83 89/110/83 90/111/83
f 82/107/84 91/112/84 83/98/84
f 84/99/85 91/112/85 92/113/85
f 85/100/86 92/113/86 93/114/86
f 78/102/87 1/115/87 86/116/87
f 78/102/88 268/117/88 267/103/88
f 92/113/89 99/118/89 100/119/89
f 93/114/90 100/119/90 101/120/90
f 86/116/91 1/121/91 94/122/91
f 86/116/92 269/123/92 268/117/92
f 87/108/93 96/124/93 88/109/93
f 88/109/94 97/125/94 89/110/94
f 90/111/95 97/125/95 98/126/95
f 90/111/96 99/118/96 91/112/96
f 96/124/97 105/127/97 97/125/97
f 98/126/98 105/127/98 106/128/98
f 98/126/99 107/129/99 99/118/99
f 100/119/100 107/129/100 108/130/100
f 101/120/101 108/130/101 109/131/101
f 94/122/102 1/132/102 102/133/102
f 94/122/103 270/134/103 269/123/103
f 96/124/104 103/135/104 104/136/104
f 109/131/105 116/137/105 117/138/105
f 102/133/106 1/139/106 110/140/106
f 102/133/107 271/141/107 270/134/107
f 103/135/108 112/142/108 104/136/108
f 104/136/109 113/143/109 105/127/109
f 106/128/110 113/143/110 114/144/110
f 106/128/111 115/145/111 107/129/111
f 108/130/112 115/145/112 116/137/112
f 112/142/113 121/146/113 113/143/113
f 114/144/114 121/146/114 122/147/114
f 114/144/115 123/148/115 115/145/115
f 116/137/116 123/148/116 124/149/116
f 117/138/117 124/149/117 125/150/117
f 110/140/118 1/151/118 118/152/118
f 110/140/119 272/153/119 271/141/119
f 111/154/120 120/155/120 112/142/120
f 125/150/121 132/156/121 133/157/121
f 118/152/122 1/158/122 126/159/122
f 118/152/123 273/160/123 272/153/123
f 120/155/124 127/161/124 128/162/124
f 120/155/125 129/163/125 121/146/125
f 122/147/126 129/163/126 130/164/126
f 122/147/127 131/165/127 123/148/127
f 124/149/128 131/165/128 132/156/128
f 130/164/129 137/166/129 138/167/129
f 130/164/130 139/168/130 131/165/130
f 132/156/131 139/168/131 140/169/131
f 133/157/132 140/169/132 141/170/132
f 126/159/133 1/171/133 134/172/133
f 126/159/134 274/173/134 273/160/134
f 127/161/135 136/174/135 128/162/135
f 128/162/136 137/166/136 129/163/136
f 134/172/137 275/175/137 274/173/137
f 135/176/138 144/177/138 136/174/138
f 136/174/139 145/178/139 137/166/139
f 138/167/140 145/178/140 146/179/140
f 138/167/141 147/180/141 139/168/141
f 140/169/142 147/180/142 148/181/142
f 141/170/143 148/181/143 149/182/143
f 134/172/144 1/183/144 142/184/144
f 146/179/145 155/185/145 147/180/145
f 148/181/146 155/185/146 156/186/146
f 149/182/147 156/186/147 157/187/147
f 142/184/148 1/188/148 150/189/148
f 142/184/149 276/190/149 275/175/149
f 143/191/150 152/192/150 144/177/150
f 144/177/151 153/193/151 145/178/151
f 146/179/152 153/193/152 154/194/152
f 150/189/153 277/195/153 276/190/153
f 151/196/154 160/197/154 152/192/154
f 152/192/155 161/198/155 153/193/155
f 154/194/156 161/198/156 162/199/156
f 154/194/157 163/200/157 155/185/157
f 156/186/158 163/200/158 164/201/158
f 157/187/159 164/201/159 165/202/159
f 150/189/160 1/203/160 158/204/160
f 162/199/161 171/205/161 163/200/161
f 164/201/162 171/205/162 172/206/162
f 165/202/163 172/206/163 173/207/163
f 158/204/164 1/208/164 166/209/164
f 158/204/165 278/210/165 277/195/165
f 159/211/166 168/212/166 160/197/166
f 160/197/167 169/213/167 161/198/167
f 162/199/168 169/213/168 170/214/168
f 167/215/169 176/216/169 168/212/169
f 168/212/170 177/217/170 169/213/170
f 169/213/171 178/218/171 170/214/171
f 170/214/172 179/219/172 171/205/172
f 172/206/173 179/219/173 180/220/173
f 173/207/174 180/220/174 181/221/174
f 166/209/175 1/222/175 174/223/175
f 166/209/176 279/224/176 278/210/176
f 180/220/177 187/225/177 188/226/177
f 181/221/178 188/226/178 189/227/178
f 174/223/179 1/228/179 182/229/179
f 174/223/180 280/230/180 279/224/180
f 175/231/181 184/232/181 176/216/181
f 176/216/182 185/233/182 177/217/182
f 178/218/183 185/233/183 186/234/183
f 178/218/184 187/225/184 179/219/184
f 184/232/185 191/235/185 192/236/185
f 184/232/186 193/237/186 185/233/186
f 186/234/187 193/237/187 194/238/187
f 186/234/188 195/239/188 187/225/188
f 188/226/189 195/239/189 196/240/189
f 189/227/190 196/240/190 197/241/190
f 182/229/191 1/242/191 190/243/191
f 182/229/192 281/244/192 280/230/192
f 196/245/193 203/246/193 204/247/193
f 197/248/194 204/247/194 205/249/194
f 190/250/195 1/251/195 198/252/195
f 190/250/196 282/253/196 281/254/196
f 192/255/197 199/256/197 200/257/197
f 192/255/198 201/258/198 193/259/198
f 194/260/199 201/258/199 202/261/199
f 194/260/200 203/246/200 195/262/200
f 200/257/201 209/263/201 201/258/201
f 202/261/202 209/263/202 210/264/202
f 202/261/203 211/265/203 203/246/203
f 204/247/204 211/265/204 212/266/204
f 205/249/205 212/266/205 213/267/205
f 198/252/206 1/268/206 206/269/206
f 198/252/207 283/270/207 282/253/207
f 200/257/208 207/271/208 208/272/208
f 213/267/209 220/273/209 221/274/209
f 206/269/210 1/275/210 214/276/210
f 206/269/211 284/277/211 283/270/211
f 207/271/212 216/278/212 208/272/212
f 208/272/213 217/279/213 209/263/213
f 210/264/214 217/279/214 218/280/214
f 210/264/215 219/281/215 211/265/215
f 212/266/216 219/281/216 220/273/216
f 218/280/217 225/282/217 226/283/217
f 218/280/218 227/284/218 219/281/218
f 220/273/219 227/284/219 228/285/219
f 221/274/220 228/285/220 229/286/220
f 214/276/221 1/287/221 222/288/221
f 214/276/222 285/289/222 284/277/222
f 216/278/223 223/290/223 224/291/223
f 216/278/224 225/282/224 217/279/224
f 222/288/225 1/292/225 230/293/225
f 222/288/226 286/294/226 285/289/226
f 224/291/227 231/295/227 232/296/227
f 224/291/228 233/297/228 225/282/228
f 226/283/229 233/297/229 234/298/229
f 226/283/230 235/299/230 227/284/230
f 228/285/231 235/299/231 236/300/231
f 229/286/232 236/300/232 237/301/232
f 234/298/233 241/302/233 242/303/233
f 234/298/234 243/304/234 235/299/234
f 236/300/235 243/304/235 244/305/235
f 237/301/236 244/305/236 245/306/236
f 230/293/237 1/307/237 238/308/237
f 230/293/238 287/309/238 286/294/238
f 231/295/239 240/310/239 232/296/239
f 232/296/240 241/302/240 233/297/240
f 238/308/241 288/311/241 287/309/241
f 240/310/242 247/312/242 248/313/242
f 240/310/243 249/314/243 241/302/243
f 242/303/244 249/314/244 250/315/244
f 242/303/245 251/316/245 243/304/245
f 244/305/246 251/316/246 252/317/246
f 245/306/247 252/317/247 253/318/247
f 238/308/248 1/319/248 246/320/248
f 251/316/249 3/1/249 257/4/249
f 252/317/250 257/4/250 4/6/250
f 221/274/251 572/267/251 213/267/251
f 253/318/252 4/6/252 5/9/252
f 246/320/253 1/321/253 254/10/253
f 288/311/254 254/10/254 289/13/254
f 248/313/255 255/322/255 2/15/255
f 249/314/256 2/15/256 256/18/256
f 250/315/257 256/18/257 3/1/257
f 288/311/258 255/322/258 247/312/258
f 287/309/259 247/312/259 239/323/259
f 286/294/260 239/323/260 231/295/260
f 285/289/261 231/295/261 223/290/261
f 284/277/262 223/290/262 215/324/262
f 283/270/263 215/324/263 207/271/263
f 282/253/264 207/271/264 199/256/264
f 191/325/265 282/253/265 199/256/265
f 280/230/266 191/235/266 183/326/266
f 279/224/267 183/326/267 175/231/267
f 167/215/268 279/224/268 175/231/268
f 159/211/269 278/210/269 167/215/269
f 276/190/270 159/211/270 151/196/270
f 275/175/271 151/196/271 143/191/271
f 135/176/272 275/175/272 143/191/272
f 273/160/273 135/176/273 127/161/273
f 119/327/274 273/160/274 127/161/274
f 271/141/275 119/327/275 111/154/275
f 270/134/276 111/154/276 103/135/276
f 269/123/277 103/135/277 95/328/277
f 268/117/278 95/328/278 87/108/278
f 267/103/279 87/108/279 79/104/279
f 266/97/280 79/104/280 71/329/280
f 265/83/281 71/329/281 63/88/281
f 55/84/282 265/83/282 63/88/282
f 263/65/283 55/84/283 47/69/283
f 262/50/284 47/69/284 39/66/284
f 31/51/285 262/50/285 39/66/285
f 260/31/286 31/51/286 23/45/286
f 259/26/287 23/45/287 15/32/287
f 258/14/288 15/32/288 7/16/288
f 255/322/289 258/14/289 7/16/289
f 529/330/290 521/331/290 545/332/290
f 305/333/291 313/334/291 321/335/291
f 353/336/292 450/337/292 481/338/292
f 352/339/293 481/338/293 480/340/293
f 351/341/294 480/340/294 479/342/294
f 350/343/295 479/342/295 478/344/295
f 349/345/296 478/344/296 477/346/296
f 348/347/297 477/346/297 476/348/297
f 347/349/298 476/348/298 475/350/298
f 346/351/299 475/350/299 474/352/299
f 345/353/300 474/352/300 473/354/300
f 344/355/301 473/354/301 472/356/301
f 343/357/302 472/356/302 471/358/302
f 342/359/303 471/358/303 470/360/303
f 341/361/304 470/360/304 469/362/304
f 340/363/305 469/362/305 468/364/305
f 339/365/306 468/364/306 467/366/306
f 338/367/307 467/366/307 466/368/307
f 465/369/308 338/367/308 466/368/308
f 464/370/309 337/371/309 465/369/309
f 463/372/310 336/373/310 464/370/310
f 462/374/311 335/375/311 463/372/311
f 461/376/312 334/377/312 462/374/312
f 460/378/313 333/379/313 461/376/313
f 459/380/314 332/381/314 460/378/314
f 458/382/315 331/383/315 459/380/315
f 457/384/316 330/385/316 458/382/316
f 456/386/317 329/387/317 457/384/317
f 455/388/318 328/389/318 456/386/318
f 454/390/319 327/391/319 455/388/319
f 453/392/320 326/393/320 454/390/320
f 452/394/321 325/395/321 453/392/321
f 451/396/322 324/397/322 452/394/322
f 450/398/323 323/399/323 451/396/323
f 385/400/324 449/401/324 448/402/324
f 384/403/325 448/402/325 447/404/325
f 383/405/326 447/404/326 446/406/326
f 382/407/327 446/406/327 445/408/327
f 381/409/328 445/408/328 444/410/328
f 380/411/329 444/410/329 443/412/329
f 379/413/330 443/412/330 442/414/330
f 378/415/331 442/414/331 441/416/331
f 377/417/332 441/416/332 440/418/332
f 376/419/333 440/418/333 439/420/333
f 375/421/334 439/420/334 438/422/334
f 374/423/335 438/422/335 437/424/335
f 373/425/336 437/424/336 436/426/336
f 372/427/337 436/426/337 435/428/337
f 371/429/338 435/428/338 434/430/338
f 370/431/339 434/430/339 433/432/339
f 432/433/340 370/431/340 433/432/340
f 431/434/341 369/435/341 432/433/341
f 430/436/342 368/437/342 431/434/342
f 429/438/343 367/439/343 430/436/343
f 428/440/344 366/441/344 429/438/344
f 427/442/345 365/443/345 428/440/345
f 426/444/346 364/445/346 427/442/346
f 425/446/347 363/447/347 426/444/347
f 424/448/348 362/449/348 425/446/348
f 423/450/349 361/451/349 424/448/349
f 422/452/350 360/453/350 423/450/350
f 421/454/351 359/455/351 422/452/351
f 420/456/352 358/457/352 421/454/352
f 419/458/353 357/459/353 420/456/353
f 418/460/354 356/461/354 419/458/354
f 449/462/355 355/463/355 418/460/355
f 513/464/356 386/465/356 482/466/356
f 482/466/357 387/467/357 483/468/357
f 483/468/358 388/469/358 484/470/358
f 484/470/359 389/471/359 485/472/359
f 485/472/360 390/473/360 486/474/360
f 486/474/361 391/475/361 487/476/361
f 487/476/362 392/477/362 488/478/362
f 488/478/363 393/479/363 489/480/363
f 489/480/364 394/481/364 490/482/364
f 490/482/365 395/483/365 491/484/365
f 491/484/366 396/485/366 492/486/366
f 492/486/367 397/487/367 493/488/367
f 493/488/368 398/489/368 494/490/368
f 494/490/369 399/491/369 495/492/369
f 495/492/370 400/493/370 496/494/370
f 496/494/371 401/495/371 497/496/371
f 401/495/372 498/497/372 497/496/372
f 402/498/373 499/499/373 498/497/373
f 403/500/374 500/501/374 499/499/374
f 404/502/375 501/503/375 500/501/375
f 405/504/376 502/505/376 501/503/376
f 406/506/377 503/507/377 502/505/377
f 407/508/378 504/509/378 503/507/378
f 408/510/379 505/511/379 504/509/379
f 409/512/380 506/513/380 505/511/380
f 410/514/381 507/515/381 506/513/381
f 411/516/382 508/517/382 507/515/382
f 412/518/383 509/519/383 508/517/383
f 413/520/384 510/521/384 509/519/384
f 414/522/385 511/523/385 510/521/385
f 415/524/386 512/525/386 511/523/386
f 416/526/387 513/527/387 512/525/387
f 322/528/388 418/460/388 323/399/388
f 323/399/389 419/458/389 324/397/389
f 324/397/390 420/456/390 325/395/390
f 325/395/391 421/454/391 326/393/391
f 326/393/392 422/452/392 327/391/392
f 327/391/393 423/450/393 328/389/393
f 328/389/394 424/448/394 329/387/394
f 329/387/395 425/446/395 330/385/395
f 330/385/396 426/444/396 331/383/396
f 331/383/397 427/442/397 332/381/397
f 332/381/398 428/440/398 333/379/398
f 333/379/399 429/438/399 334/377/399
f 334/377/400 430/436/400 335/375/400
f 335/375/401 431/434/401 336/373/401
f 336/373/402 432/433/402 337/371/402
f 337/371/403 433/432/403 338/367/403
f 433/432/404 339/365/404 338/367/404
f 434/430/405 340/363/405 339/365/405
f 435/428/406 341/361/406 340/363/406
f 436/426/407 342/359/407 341/361/407
f 437/424/408 343/357/408 342/359/408
f 438/422/409 344/355/409 343/357/409
f 439/420/410 345/353/410 344/355/410
f 440/418/411 346/351/411 345/353/411
f 441/416/412 347/349/412 346/351/412
f 442/414/413 348/347/413 347/349/413
f 443/412/414 349/345/414 348/347/414
f 444/410/415 350/343/415 349/345/415
f 445/408/416 351/341/416 350/343/416
f 446/406/417 352/339/417 351/341/417
f 447/404/418 353/336/418 352/339/418
f 448/402/419 322/529/419 353/336/419
f 417/530/420 451/396/420 386/465/420
f 386/465/421 452/394/421 387/467/421
f 387/467/422 453/392/422 388/469/422
f 388/469/423 454/390/423 389/471/423
f 389/471/424 455/388/424 390/473/424
f 390/473/425 456/386/425 391/475/425
f 391/475/426 457/384/426 392/477/426
f 392/477/427 458/382/427 393/479/427
f 393/479/428 459/380/428 394/481/428
f 394/481/429 460/378/429 395/483/429
f 395/483/430 461/376/430 396/485/430
f 396/485/431 462/374/431 397/487/431
f 397/487/432 463/372/432 398/489/432
f 398/489/433 464/370/433 399/491/433
f 399/491/434 465/369/434 400/493/434
f 400/493/435 466/368/435 401/495/435
f 466/368/436 402/498/436 401/495/436
f 467/366/437 403/500/437 402/498/437
f 468/364/438 404/502/438 403/500/438
f 469/362/439 405/504/439 404/502/439
f 470/360/440 406/506/440 405/504/440
f 471/358/441 407/508/441 406/506/441
f 472/356/442 408/510/442 407/508/442
f 473/354/443 409/512/443 408/510/443
f 474/352/444 410/514/444 409/512/444
f 475/350/445 411/516/445 410/514/445
f 476/348/446 412/518/446 411/516/446
f 477/346/447 413/520/447 412/518/447
f 478/344/448 414/522/448 413/520/448
f 479/342/449 415/524/449 414/522/449
f 480/340/450 416/526/450 415/524/450
f 481/338/451 417/531/451 416/526/451
f 512/525/452 290/532/452 321/533/452
f 511/523/453 321/533/453 320/534/453
f 510/521/454 320/534/454 319/535/454
f 509/519/455 319/535/455 318/536/455
f 508/517/456 318/536/456 317/537/456
f 507/515/457 317/537/457 316/538/457
f 506/513/458 316/538/458 315/539/458
f 505/511/459 315/539/459 314/540/459
f 504/509/460 314/540/460 313/541/460
f 503/507/461 313/541/461 312/542/461
f 502/505/462 312/542/462 311/543/462
f 501/503/463 311/543/463 310/544/463
f 500/501/464 310/544/464 309/545/464
f 499/499/465 309/545/465 308/546/465
f 498/497/466 308/546/466 307/547/466
f 497/496/467 307/547/467 306/548/467
f 305/549/468 497/496/468 306/548/468
f 304/550/469 496/494/469 305/549/469
f 303/551/470 495/492/470 304/550/470
f 302/552/471 494/490/471 303/551/471
f 301/553/472 493/488/472 302/552/472
f 300/554/473 492/486/473 301/553/473
f 299/555/474 491/484/474 300/554/474
f 298/556/475 490/482/475 299/555/475
f 297/557/476 489/480/476 298/556/476
f 296/558/477 488/478/477 297/557/477
f 295/559/478 487/476/478 296/558/478
f 294/560/479 486/474/479 295/559/479
f 293/561/480 485/472/480 294/560/480
f 292/562/481 484/470/481 293/561/481
f 291/563/482 483/468/482 292/562/482
f 290/564/483 482/466/483 291/563/483
f 545/332/484 354/565/484 385/400/484
f 544/566/485 385/400/485 384/403/485
f 543/567/486 384/403/486 383/405/486
f 542/568/487 383/405/487 382/407/487
f 541/569/488 382/407/488 381/409/488
f 540/570/489 381/409/489 380/411/489
f 539/571/490 380/411/490 379/413/490
f 538/572/491 379/413/491 378/415/491
f 537/573/492 378/415/492 377/417/492
f 536/574/493 377/417/493 376/419/493
f 535/575/494 376/419/494 375/421/494
f 534/576/495 375/421/495 374/423/495
f 533/577/496 374/423/496 373/425/496
f 532/578/497 373/425/497 372/427/497
f 531/579/498 372/427/498 371/429/498
f 530/580/499 371/429/499 370/431/499
f 369/435/500 530/580/500 370/431/500
f 368/437/501 529/330/501 369/435/501
f 367/439/502 528/581/502 368/437/502
f 366/441/503 527/582/503 367/439/503
f 365/443/504 526/583/504 366/441/504
f 364/445/505 525/584/505 365/443/505
f 363/447/506 524/585/506 364/445/506
f 362/449/507 523/586/507 363/447/507
f 361/451/508 522/587/508 362/449/508
f 360/453/509 521/331/509 361/451/509
f 359/455/510 520/588/510 360/453/510
f 358/457/511 519/589/511 359/455/511
f 357/459/512 518/590/512 358/457/512
f 356/461/513 517/591/513 357/459/513
f 355/463/514 516/592/514 356/461/514
f 354/593/515 515/594/515 355/463/515
f 555/94/516 618/80/516 554/80/516
f 197/241/517 569/227/517 189/227/517
f 141/170/518 562/157/518 133/157/518
f 85/100/519 555/94/519 77/94/519
f 29/28/520 548/23/520 21/23/520
f 213/267/521 571/249/521 205/249/521
f 157/187/522 564/182/522 149/182/522
f 77/94/516 554/80/516 69/80/516
f 237/301/523 574/286/523 229/286/523
f 13/8/524 547/9/524 5/9/524
f 101/120/525 557/114/525 93/114/525
f 21/23/526 546/8/526 13/8/526
f 229/286/527 573/274/527 221/274/527
f 117/138/528 559/131/528 109/131/528
f 45/57/529 550/41/529 37/41/529
f 253/318/530 576/306/530 245/306/530
f 173/207/531 566/202/531 165/202/531
f 93/114/532 556/100/532 85/100/532
f 37/41/533 549/28/533 29/28/533
f 61/75/534 552/62/534 53/62/534
f 5/9/535 577/318/535 253/318/535
f 245/306/536 575/301/536 237/301/536
f 189/227/537 568/221/537 181/221/537
f 165/202/538 565/187/538 157/187/538
f 133/157/539 561/150/539 125/150/539
f 109/131/540 558/120/540 101/120/540
f 53/62/541 551/57/541 45/57/541
f 181/221/542 567/207/542 173/207/542
f 205/249/543 570/248/543 197/248/543
f 149/182/544 563/170/544 141/170/544
f 125/150/545 560/138/545 117/138/545
f 69/80/546 553/75/546 61/75/546
f 592/595/291 600/596/291 608/597/291
f 569/227/537 632/221/537 568/221/537
f 556/100/519 619/94/519 555/94/519
f 570/241/517 633/227/517 569/227/517
f 557/114/532 620/100/532 556/100/532
f 571/249/543 634/248/543 570/248/543
f 558/120/525 621/114/525 557/114/525
f 572/267/521 635/249/521 571/249/521
f 559/131/540 622/120/540 558/120/540
f 573/274/251 636/267/251 572/267/251
f 560/138/528 623/131/528 559/131/528
f 546/8/524 611/9/524 547/9/524
f 574/286/527 637/274/527 573/274/527
f 561/150/545 624/138/545 560/138/545
f 548/23/526 610/8/526 546/8/526
f 575/301/523 638/286/523 574/286/523
f 562/157/539 625/150/539 561/150/539
f 549/28/520 612/23/520 548/23/520
f 576/306/536 639/301/536 575/301/536
f 563/170/518 626/157/518 562/157/518
f 550/41/533 613/28/533 549/28/533
f 577/318/530 640/306/530 576/306/530
f 564/182/544 627/170/544 563/170/544
f 551/57/529 614/41/529 550/41/529
f 547/9/535 641/318/535 577/318/535
f 565/187/522 628/182/522 564/182/522
f 552/62/541 615/57/541 551/57/541
f 566/202/538 629/187/538 565/187/538
f 553/75/534 616/62/534 552/62/534
f 567/207/531 630/202/531 566/202/531
f 554/80/546 617/75/546 553/75/546
f 568/221/542 631/207/542 567/207/542
f 643/598/547 610/8/547 642/599/547
f 642/599/548 612/23/548 644/600/548
f 644/600/549 613/28/549 645/601/549
f 645/601/550 614/41/550 646/602/550
f 646/602/551 615/57/551 647/603/551
f 647/603/552 616/62/552 648/604/552
f 648/604/553 617/75/553 649/605/553
f 650/606/554 617/75/554 618/80/554
f 650/606/555 619/94/555 651/607/555
f 651/607/556 620/100/556 652/608/556
f 652/608/557 621/114/557 653/609/557
f 654/610/558 621/114/558 622/120/558
f 654/610/559 623/131/559 655/611/559
f 655/611/560 624/138/560 656/612/560
f 656/612/561 625/150/561 657/613/561
f 657/613/562 626/157/562 658/614/562
f 658/614/563 627/170/563 659/615/563
f 660/616/564 627/170/564 628/182/564
f 660/616/565 629/187/565 661/617/565
f 661/617/566 630/202/566 662/618/566
f 662/618/567 631/207/567 663/619/567
f 663/619/568 632/221/568 664/620/568
f 665/621/569 632/221/569 633/227/569
f 665/621/570 634/248/570 666/622/570
f 666/622/571 635/249/571 667/623/571
f 667/623/572 636/267/572 668/624/572
f 669/625/573 636/267/573 637/274/573
f 669/625/574 638/286/574 670/626/574
f 670/626/575 639/301/575 671/627/575
f 671/627/576 640/306/576 672/628/576
f 672/628/577 641/318/577 673/629/577
f 643/598/578 641/318/578 611/9/578
f 675/630/291 642/599/291 674/631/291
f 674/631/291 644/600/291 676/632/291
f 676/632/291 645/601/291 677/633/291
f 678/634/291 645/601/291 646/602/291
f 679/635/291 646/602/291 647/603/291
f 679/635/291 648/604/291 680/636/291
f 680/636/291 649/605/291 681/637/291
f 682/638/291 649/605/291 650/606/291
f 682/638/291 651/607/291 683/639/291
f 684/640/291 651/607/291 652/608/291
f 684/640/291 653/609/291 685/641/291
f 686/642/291 653/609/291 654/610/291
f 686/642/291 655/611/291 687/643/291
f 687/643/291 656/612/291 688/644/291
f 689/645/291 656/612/291 657/613/291
f 690/646/291 657/613/291 658/614/291
f 690/646/291 659/615/291 691/647/291
f 692/648/291 659/615/291 660/616/291
f 692/648/291 661/617/291 693/649/291
f 693/649/291 662/618/291 694/650/291
f 695/651/291 662/618/291 663/619/291
f 695/651/291 664/620/291 696/652/291
f 696/652/291 665/621/291 697/653/291
f 697/653/291 666/622/291 698/654/291
f 698/654/291 667/623/291 699/655/291
f 700/656/291 667/623/291 668/624/291
f 700/656/291 669/625/291 701/657/291
f 701/657/291 670/626/291 702/658/291
f 702/658/291 671/627/291 703/659/291
f 703/659/291 672/628/291 704/660/291
f 704/660/291 673/629/291 705/661/291
f 675/630/291 673/629/291 643/598/291
f 579/662/579 674/631/579 578/663/579
f 580/664/580 674/631/580 676/632/580
f 580/664/581 677/633/581 581/665/581
f 581/665/582 678/634/582 582/666/582
f 582/666/583 679/635/583 583/667/583
f 583/667/584 680/636/584 584/668/584
f 584/668/585 681/637/585 585/669/585
f 585/669/586 682/638/586 586/670/586
f 586/670/587 683/639/587 587/671/587
f 587/671/588 684/640/588 588/672/588
f 588/672/589 685/641/589 589/673/589
f 589/673/590 686/642/590 590/674/590
f 590/674/591 687/643/591 591/675/591
f 591/675/592 688/644/592 592/595/592
f 592/595/593 689/645/593 593/676/593
f 593/676/594 690/646/594 594/677/594
f 594/677/595 691/647/595 595/678/595
f 596/679/596 691/647/596 692/648/596
f 596/679/597 693/649/597 597/680/597
f 597/680/598 694/650/598 598/681/598
f 598/681/599 695/651/599 599/682/599
f 599/682/600 696/652/600 600/596/600
f 600/596/601 697/653/601 601/683/601
f 601/683/602 698/654/602 602/684/602
f 602/684/603 699/655/603 603/685/603
f 603/685/604 700/656/604 604/686/604
f 604/686/605 701/657/605 605/687/605
f 605/687/606 702/658/606 606/688/606
f 606/688/607 703/659/607 607/689/607
f 607/689/608 704/660/608 608/597/608
f 608/597/609 705/661/609 609/690/609
f 579/662/610 705/661/610 675/630/610
f 3/1/1 256/18/1 9/2/1
f 257/4/2 3/1/2 10/3/2
f 4/6/3 257/4/3 11/5/3
f 4/6/611 12/7/611 13/8/611
f 289/13/6 254/10/6 6/12/6
f 2/15/7 255/322/7 7/16/7
f 256/18/8 2/15/8 8/17/8
f 8/17/9 16/27/9 17/19/9
f 9/2/10 17/19/10 18/20/10
f 10/3/11 18/20/11 19/21/11
f 12/7/12 11/5/12 19/21/12
f 12/7/13 20/22/13 21/23/13
f 6/12/15 14/25/15 259/26/15
f 7/16/16 15/32/16 16/27/16
f 20/22/17 28/37/17 29/28/17
f 14/25/19 22/30/19 260/31/19
f 15/32/612 23/45/612 24/33/612
f 16/27/21 24/33/21 25/34/21
f 17/19/22 25/34/22 26/35/22
f 18/20/23 26/35/23 27/36/23
f 19/21/24 27/36/24 28/37/24
f 25/34/25 33/47/25 34/38/25
f 26/35/26 34/38/26 35/39/26
f 28/37/27 27/36/27 35/39/27
f 29/28/28 28/37/28 36/40/28
f 22/30/30 30/43/30 261/44/30
f 23/45/31 31/51/31 32/46/31
f 24/33/32 32/46/32 33/47/32
f 30/43/34 38/49/34 262/50/34
f 31/51/35 39/66/35 40/52/35
f 32/46/36 40/52/36 41/53/36
f 34/38/37 33/47/37 41/53/37
f 34/38/38 42/54/38 43/55/38
f 36/40/39 35/39/39 43/55/39
f 37/41/40 36/40/40 44/56/40
f 42/54/41 41/53/41 49/58/41
f 42/54/42 50/59/42 51/60/42
f 44/56/43 43/55/43 51/60/43
f 45/57/44 44/56/44 52/61/44
f 38/49/46 46/64/46 263/65/46
f 39/66/47 47/69/47 48/67/47
f 40/52/48 48/67/48 49/58/48
f 46/64/49 54/77/49 264/68/49
f 47/69/50 55/84/50 56/70/50
f 48/67/51 56/70/51 57/71/51
f 50/59/52 49/58/52 57/71/52
f 50/59/53 58/72/53 59/73/53
f 52/61/54 51/60/54 59/73/54
f 53/62/55 52/61/55 60/74/55
f 58/72/57 66/87/57 67/78/57
f 60/74/58 59/73/58 67/78/58
f 61/75/59 60/74/59 68/79/59
f 54/77/61 62/82/61 265/83/61
f 55/84/62 63/88/62 64/85/62
f 56/70/63 64/85/63 65/86/63
f 58/72/64 57/71/64 65/86/64
f 63/88/65 71/329/65 72/89/65
f 64/85/66 72/89/66 73/90/66
f 66/87/67 65/86/67 73/90/67
f 66/87/68 74/91/68 75/92/68
f 68/79/69 67/78/69 75/92/69
f 69/80/70 68/79/70 76/93/70
f 62/82/72 70/96/72 266/97/72
f 76/93/73 75/92/73 83/98/73
f 77/94/74 76/93/74 84/99/74
f 70/96/76 78/102/76 267/103/76
f 72/89/77 71/329/77 79/104/77
f 72/89/78 80/105/78 81/106/78
f 74/91/79 73/90/79 81/106/79
f 74/91/80 82/107/80 83/98/80
f 80/105/613 79/104/613 87/108/613
f 80/105/82 88/109/82 89/110/82
f 82/107/83 81/106/83 89/110/83
f 82/107/84 90/111/84 91/112/84
f 84/99/85 83/98/85 91/112/85
f 85/100/86 84/99/86 92/113/86
f 78/102/88 86/116/88 268/117/88
f 92/113/89 91/112/89 99/118/89
f 93/114/90 92/113/90 100/119/90
f 86/116/92 94/122/92 269/123/92
f 87/108/93 95/328/93 96/124/93
f 88/109/94 96/124/94 97/125/94
f 90/111/95 89/110/95 97/125/95
f 90/111/96 98/126/96 99/118/96
f 96/124/97 104/136/97 105/127/97
f 98/126/98 97/125/98 105/127/98
f 98/126/99 106/128/99 107/129/99
f 100/119/100 99/118/100 107/129/100
f 101/120/101 100/119/101 108/130/101
f 94/122/103 102/133/103 270/134/103
f 96/124/104 95/328/104 103/135/104
f 109/131/105 108/130/105 116/137/105
f 102/133/107 110/140/107 271/141/107
f 103/135/108 111/154/108 112/142/108
f 104/136/109 112/142/109 113/143/109
f 106/128/110 105/127/110 113/143/110
f 106/128/111 114/144/111 115/145/111
f 108/130/112 107/129/112 115/145/112
f 112/142/113 120/155/113 121/146/113
f 114/144/114 113/143/114 121/146/114
f 114/144/115 122/147/115 123/148/115
f 116/137/116 115/145/116 123/148/116
f 117/138/117 116/137/117 124/149/117
f 110/140/119 118/152/119 272/153/119
f 111/154/120 119/327/120 120/155/120
f 125/150/121 124/149/121 132/156/121
f 118/152/123 126/159/123 273/160/123
f 120/155/124 119/327/124 127/161/124
f 120/155/125 128/162/125 129/163/125
f 122/147/126 121/146/126 129/163/126
f 122/147/127 130/164/127 131/165/127
f 124/149/128 123/148/128 131/165/128
f 130/164/129 129/163/129 137/166/129
f 130/164/130 138/167/130 139/168/130
f 132/156/131 131/165/131 139/168/131
f 133/157/614 132/156/614 140/169/614
f 126/159/134 134/172/134 274/173/134
f 127/161/135 135/176/135 136/174/135
f 128/162/136 136/174/136 137/166/136
f 134/172/137 142/184/137 275/175/137
f 135/176/138 143/191/138 144/177/138
f 136/174/139 144/177/139 145/178/139
f 138/167/140 137/166/140 145/178/140
f 138/167/141 146/179/141 147/180/141
f 140/169/142 139/168/142 147/180/142
f 141/170/143 140/169/143 148/181/143
f 146/179/145 154/194/145 155/185/145
f 148/181/146 147/180/146 155/185/146
f 149/182/147 148/181/147 156/186/147
f 142/184/149 150/189/149 276/190/149
f 143/191/615 151/196/615 152/192/615
f 144/177/151 152/192/151 153/193/151
f 146/179/152 145/178/152 153/193/152
f 150/189/153 158/204/153 277/195/153
f 151/196/154 159/211/154 160/197/154
f 152/192/155 160/197/155 161/198/155
f 154/194/156 153/193/156 161/198/156
f 154/194/157 162/199/157 163/200/157
f 156/186/158 155/185/158 163/200/158
f 157/187/159 156/186/159 164/201/159
f 162/199/161 170/214/161 171/205/161
f 164/201/162 163/200/162 171/205/162
f 165/202/163 164/201/163 172/206/163
f 158/204/165 166/209/165 278/210/165
f 159/211/166 167/215/166 168/212/166
f 160/197/167 168/212/167 169/213/167
f 162/199/168 161/198/168 169/213/168
f 167/215/169 175/231/169 176/216/169
f 168/212/170 176/216/170 177/217/170
f 169/213/171 177/217/171 178/218/171
f 170/214/172 178/218/172 179/219/172
f 172/206/173 171/205/173 179/219/173
f 173/207/174 172/206/174 180/220/174
f 166/209/176 174/223/176 279/224/176
f 180/220/177 179/219/177 187/225/177
f 181/221/178 180/220/178 188/226/178
f 174/223/180 182/229/180 280/230/180
f 175/231/181 183/326/181 184/232/181
f 176/216/182 184/232/182 185/233/182
f 178/218/183 177/217/183 185/233/183
f 178/218/184 186/234/184 187/225/184
f 184/232/185 183/326/185 191/235/185
f 184/232/186 192/236/186 193/237/186
f 186/234/187 185/233/187 193/237/187
f 186/234/188 194/238/188 195/239/188
f 188/226/189 187/225/189 195/239/189
f 189/227/616 188/226/616 196/240/616
f 182/229/192 190/243/192 281/244/192
f 196/245/193 195/262/193 203/246/193
f 197/248/617 196/245/617 204/247/617
f 190/250/196 198/252/196 282/253/196
f 192/255/197 191/325/197 199/256/197
f 192/255/198 200/257/198 201/258/198
f 194/260/199 193/259/199 201/258/199
f 194/260/200 202/261/200 203/246/200
f 200/257/201 208/272/201 209/263/201
f 202/261/202 201/258/202 209/263/202
f 202/261/203 210/264/203 211/265/203
f 204/247/204 203/246/204 211/265/204
f 205/249/205 204/247/205 212/266/205
f 198/252/207 206/269/207 283/270/207
f 200/257/208 199/256/208 207/271/208
f 213/267/209 212/266/209 220/273/209
f 206/269/211 214/276/211 284/277/211
f 207/271/212 215/324/212 216/278/212
f 208/272/213 216/278/213 217/279/213
f 210/264/214 209/263/214 217/279/214
f 210/264/215 218/280/215 219/281/215
f 212/266/216 211/265/216 219/281/216
f 218/280/217 217/279/217 225/282/217
f 218/280/218 226/283/218 227/284/218
f 220/273/219 219/281/219 227/284/219
f 221/274/220 220/273/220 228/285/220
f 214/276/222 222/288/222 285/289/222
f 216/278/223 215/324/223 223/290/223
f 216/278/224 224/291/224 225/282/224
f 222/288/226 230/293/226 286/294/226
f 224/291/227 223/290/227 231/295/227
f 224/291/228 232/296/228 233/297/228
f 226/283/229 225/282/229 233/297/229
f 226/283/230 234/298/230 235/299/230
f 228/285/231 227/284/231 235/299/231
f 229/286/232 228/285/232 236/300/232
f 234/298/233 233/297/233 241/302/233
f 234/298/234 242/303/234 243/304/234
f 236/300/235 235/299/235 243/304/235
f 237/301/236 236/300/236 244/305/236
f 230/293/238 238/308/238 287/309/238
f 231/295/239 239/323/239 240/310/239
f 232/296/240 240/310/240 241/302/240
f 238/308/241 246/320/241 288/311/241
f 240/310/242 239/323/242 247/312/242
f 240/310/243 248/313/243 249/314/243
f 242/303/244 241/302/244 249/314/244
f 242/303/245 250/315/245 251/316/245
f 244/305/246 243/304/246 251/316/246
f 245/306/247 244/305/247 252/317/247
f 251/316/249 250/315/249 3/1/249
f 252/317/250 251/316/250 257/4/250
f 221/274/251 573/274/251 572/267/251
f 253/318/252 252/317/252 4/6/252
f 288/311/254 246/320/254 254/10/254
f 248/313/255 247/312/255 255/322/255
f 249/314/256 248/313/256 2/15/256
f 250/315/257 249/314/257 256/18/257
f 288/311/258 289/13/258 255/322/258
f 287/309/259 288/311/259 247/312/259
f 286/294/260 287/309/260 239/323/260
f 285/289/261 286/294/261 231/295/261
f 284/277/262 285/289/262 223/290/262
f 283/270/263 284/277/263 215/324/263
f 282/253/264 283/270/264 207/271/264
f 191/325/265 281/254/265 282/253/265
f 280/230/266 281/244/266 191/235/266
f 279/224/267 280/230/267 183/326/267
f 167/215/268 278/210/268 279/224/268
f 159/211/269 277/195/269 278/210/269
f 276/190/270 277/195/270 159/211/270
f 275/175/271 276/190/271 151/196/271
f 135/176/272 274/173/272 275/175/272
f 273/160/273 274/173/273 135/176/273
f 119/327/274 272/153/274 273/160/274
f 271/141/275 272/153/275 119/327/275
f 270/134/276 271/141/276 111/154/276
f 269/123/618 270/134/618 103/135/618
f 268/117/278 269/123/278 95/328/278
f 267/103/279 268/117/279 87/108/279
f 266/97/280 267/103/280 79/104/280
f 265/83/281 266/97/281 71/329/281
f 55/84/282 264/68/282 265/83/282
f 263/65/283 264/68/283 55/84/283
f 262/50/284 263/65/284 47/69/284
f 31/51/285 261/44/285 262/50/285
f 260/31/286 261/44/286 31/51/286
f 259/26/287 260/31/287 23/45/287
f 258/14/288 259/26/288 15/32/288
f 255/322/289 289/13/289 258/14/289
f 545/332/290 544/566/290 543/567/290
f 543/567/290 542/568/290 541/569/290
f 541/569/290 540/570/290 539/571/290
f 539/571/290 538/572/290 537/573/290
f 537/573/290 536/574/290 535/575/290
f 535/575/290 534/576/290 533/577/290
f 533/577/290 532/578/290 531/579/290
f 531/579/290 530/580/290 529/330/290
f 529/330/290 528/581/290 527/582/290
f 527/582/290 526/583/290 525/584/290
f 525/584/290 524/585/290 523/586/290
f 523/586/290 522/587/290 521/331/290
f 521/331/290 520/588/290 519/589/290
f 519/589/290 518/590/290 517/591/290
f 517/591/290 516/592/290 515/594/290
f 515/594/290 514/691/290 545/332/290
f 545/332/290 543/567/290 541/569/290
f 541/569/290 539/571/290 537/573/290
f 537/573/290 535/575/290 533/577/290
f 533/577/290 531/579/290 529/330/290
f 529/330/290 527/582/290 525/584/290
f 525/584/290 523/586/290 521/331/290
f 521/331/290 519/589/290 517/591/290
f 517/591/290 515/594/290 545/332/290
f 545/332/290 541/569/290 537/573/290
f 537/573/290 533/577/290 529/330/290
f 529/330/290 525/584/290 521/331/290
f 521/331/290 517/591/290 545/332/290
f 545/332/290 537/573/290 529/330/290
f 321/335/291 290/692/291 291/693/291
f 291/693/291 292/694/291 293/695/291
f 293/695/291 294/696/291 295/697/291
f 295/697/291 296/698/291 297/699/291
f 297/699/291 298/700/291 299/701/291
f 299/701/291 300/702/291 301/703/291
f 301/703/291 302/704/291 303/705/291
f 303/705/291 304/706/291 305/333/291
f 305/333/291 306/707/291 307/708/291
f 307/708/291 308/709/291 309/710/291
f 309/710/291 310/711/291 311/712/291
f 311/712/291 312/713/291 313/334/291
f 313/334/291 314/714/291 315/715/291
f 315/715/291 316/716/291 317/717/291
f 317/717/291 318/718/291 319/719/291
f 319/719/291 320/720/291 321/335/291
f 321/335/291 291/693/291 293/695/291
f 293/695/291 295/697/291 297/699/291
f 297/699/291 299/701/291 301/703/291
f 301/703/291 303/705/291 305/333/291
f 305/333/291 307/708/291 309/710/291
f 309/710/291 311/712/291 313/334/291
f 313/334/291 315/715/291 317/717/291
f 317/717/291 319/719/291 321/335/291
f 321/335/291 293/695/291 297/699/291
f 297/699/291 301/703/291 305/333/291
f 305/333/291 309/710/291 313/334/291
f 313/334/291 317/717/291 321/335/291
f 321/335/291 297/699/291 305/333/291
f 353/336/292 322/529/292 450/337/292
f 352/339/293 353/336/293 481/338/293
f 351/341/294 352/339/294 480/340/294
f 350/343/295 351/341/295 479/342/295
f 349/345/296 350/343/296 478/344/296
f 348/347/297 349/345/297 477/346/297
f 347/349/298 348/347/298 476/348/298
f 346/351/299 347/349/299 475/350/299
f 345/353/300 346/351/300 474/352/300
f 344/355/301 345/353/301 473/354/301
f 343/357/302 344/355/302 472/356/302
f 342/359/303 343/357/303 471/358/303
f 341/361/304 342/359/304 470/360/304
f 340/363/305 341/361/305 469/362/305
f 339/365/306 340/363/306 468/364/306
f 338/367/307 339/365/307 467/366/307
f 465/369/308 337/371/308 338/367/308
f 464/370/309 336/373/309 337/371/309
f 463/372/310 335/375/310 336/373/310
f 462/374/311 334/377/311 335/375/311
f 461/376/312 333/379/312 334/377/312
f 460/378/313 332/381/313 333/379/313
f 459/380/314 331/383/314 332/381/314
f 458/382/315 330/385/315 331/383/315
f 457/384/316 329/387/316 330/385/316
f 456/386/317 328/389/317 329/387/317
f 455/388/318 327/391/318 328/389/318
f 454/390/319 326/393/319 327/391/319
f 453/392/320 325/395/320 326/393/320
f 452/394/321 324/397/321 325/395/321
f 451/396/322 323/399/322 324/397/322
f 450/398/323 322/528/323 323/399/323
f 385/400/324 354/565/324 449/401/324
f 384/403/325 385/400/325 448/402/325
f 383/405/326 384/403/326 447/404/326
f 382/407/327 383/405/327 446/406/327
f 381/409/328 382/407/328 445/408/328
f 380/411/329 381/409/329 444/410/329
f 379/413/330 380/411/330 443/412/330
f 378/415/331 379/413/331 442/414/331
f 377/417/332 378/415/332 441/416/332
f 376/419/333 377/417/333 440/418/333
f 375/421/334 376/419/334 439/420/334
f 374/423/335 375/421/335 438/422/335
f 373/425/336 374/423/336 437/424/336
f 372/427/337 373/425/337 436/426/337
f 371/429/338 372/427/338 435/428/338
f 370/431/619 371/429/619 434/430/619
f 432/433/620 369/435/620 370/431/620
f 431/434/341 368/437/341 369/435/341
f 430/436/342 367/439/342 368/437/342
f 429/438/343 366/441/343 367/439/343
f 428/440/344 365/443/344 366/441/344
f 427/442/345 364/445/345 365/443/345
f 426/444/346 363/447/346 364/445/346
f 425/446/347 362/449/347 363/447/347
f 424/448/348 361/451/348 362/449/348
f 423/450/349 360/453/349 361/451/349
f 422/452/350 359/455/350 360/453/350
f 421/454/351 358/457/351 359/455/351
f 420/456/352 357/459/352 358/457/352
f 419/458/353 356/461/353 357/459/353
f 418/460/354 355/463/354 356/461/354
f 449/462/355 354/593/355 355/463/355
f 513/464/356 417/530/356 386/465/356
f 482/466/357 386/465/357 387/467/357
f 483/468/358 387/467/358 388/469/358
f 484/470/359 388/469/359 389/471/359
f 485/472/360 389/471/360 390/473/360
f 486/474/361 390/473/361 391/475/361
f 487/476/362 391/475/362 392/477/362
f 488/478/363 392/477/363 393/479/363
f 489/480/364 393/479/364 394/481/364
f 490/482/365 394/481/365 395/483/365
f 491/484/366 395/483/366 396/485/366
f 492/486/367 396/485/367 397/487/367
f 493/488/368 397/487/368 398/489/368
f 494/490/369 398/489/369 399/491/369
f 495/492/370 399/491/370 400/493/370
f 496/494/371 400/493/371 401/495/371
f 401/495/372 402/498/372 498/497/372
f 402/498/373 403/500/373 499/499/373
f 403/500/374 404/502/374 500/501/374
f 404/502/375 405/504/375 501/503/375
f 405/504/376 406/506/376 502/505/376
f 406/506/377 407/508/377 503/507/377
f 407/508/378 408/510/378 504/509/378
f 408/510/379 409/512/379 505/511/379
f 409/512/380 410/514/380 506/513/380
f 410/514/381 411/516/381 507/515/381
f 411/516/382 412/518/382 508/517/382
f 412/518/383 413/520/383 509/519/383
f 413/520/384 414/522/384 510/521/384
f 414/522/385 415/524/385 511/523/385
f 415/524/386 416/526/386 512/525/386
f 416/526/387 417/531/387 513/527/387
f 322/528/388 449/462/388 418/460/388
f 323/399/389 418/460/389 419/458/389
f 324/397/390 419/458/390 420/456/390
f 325/395/391 420/456/391 421/454/391
f 326/393/392 421/454/392 422/452/392
f 327/391/393 422/452/393 423/450/393
f 328/389/621 423/450/621 424/448/621
f 329/387/395 424/448/395 425/446/395
f 330/385/396 425/446/396 426/444/396
f 331/383/622 426/444/622 427/442/622
f 332/381/398 427/442/398 428/440/398
f 333/379/399 428/440/399 429/438/399
f 334/377/400 429/438/400 430/436/400
f 335/375/401 430/436/401 431/434/401
f 336/373/402 431/434/402 432/433/402
f 337/371/623 432/433/623 433/432/623
f 433/432/624 434/430/624 339/365/624
f 434/430/405 435/428/405 340/363/405
f 435/428/406 436/426/406 341/361/406
f 436/426/407 437/424/407 342/359/407
f 437/424/408 438/422/408 343/357/408
f 438/422/409 439/420/409 344/355/409
f 439/420/625 440/418/625 345/353/625
f 440/418/411 441/416/411 346/351/411
f 441/416/412 442/414/412 347/349/412
f 442/414/626 443/412/626 348/347/626
f 443/412/414 444/410/414 349/345/414
f 444/410/415 445/408/415 350/343/415
f 445/408/416 446/406/416 351/341/416
f 446/406/417 447/404/417 352/339/417
f 447/404/418 448/402/418 353/336/418
f 448/402/419 449/401/419 322/529/419
f 417/530/420 450/398/420 451/396/420
f 386/465/421 451/396/421 452/394/421
f 387/467/422 452/394/422 453/392/422
f 388/469/423 453/392/423 454/390/423
f 389/471/424 454/390/424 455/388/424
f 390/473/425 455/388/425 456/386/425
f 391/475/426 456/386/426 457/384/426
f 392/477/427 457/384/427 458/382/427
f 393/479/428 458/382/428 459/380/428
f 394/481/429 459/380/429 460/378/429
f 395/483/430 460/378/430 461/376/430
f 396/485/431 461/376/431 462/374/431
f 397/487/432 462/374/432 463/372/432
f 398/489/433 463/372/433 464/370/433
f 399/491/434 464/370/434 465/369/434
f 400/493/435 465/369/435 466/368/435
f 466/368/436 467/366/436 402/498/436
f 467/366/437 468/364/437 403/500/437
f 468/364/438 469/362/438 404/502/438
f 469/362/439 470/360/439 405/504/439
f 470/360/440 471/358/440 406/506/440
f 471/358/441 472/356/441 407/508/441
f 472/356/442 473/354/442 408/510/442
f 473/354/443 474/352/443 409/512/443
f 474/352/444 475/350/444 410/514/444
f 475/350/445 476/348/445 411/516/445
f 476/348/446 477/346/446 412/518/446
f 477/346/447 478/344/447 413/520/447
f 478/344/448 479/342/448 414/522/448
f 479/342/449 480/340/449 415/524/449
f 480/340/450 481/338/450 416/526/450
f 481/338/451 450/337/451 417/531/451
f 512/525/452 513/527/452 290/532/452
f 511/523/453 512/525/453 321/533/453
f 510/521/454 511/523/454 320/534/454
f 509/519/455 510/521/455 319/535/455
f 508/517/456 509/519/456 318/536/456
f 507/515/457 508/517/457 317/537/457
f 506/513/458 507/515/458 316/538/458
f 505/511/459 506/513/459 315/539/459
f 504/509/460 505/511/460 314/540/460
f 503/507/461 504/509/461 313/541/461
f 502/505/462 503/507/462 312/542/462
f 501/503/463 502/505/463 311/543/463
f 500/501/464 501/503/464 310/544/464
f 499/499/465 500/501/465 309/545/465
f 498/497/466 499/499/466 308/546/466
f 497/496/467 498/497/467 307/547/467
f 305/549/468 496/494/468 497/496/468
f 304/550/469 495/492/469 496/494/469
f 303/551/470 494/490/470 495/492/470
f 302/552/471 493/488/471 494/490/471
f 301/553/472 492/486/472 493/488/472
f 300/554/473 491/484/473 492/486/473
f 299/555/474 490/482/474 491/484/474
f 298/556/475 489/480/475 490/482/475
f 297/557/476 488/478/476 489/480/476
f 296/558/477 487/476/477 488/478/477
f 295/559/478 486/474/478 487/476/478
f 294/560/479 485/472/479 486/474/479
f 293/561/480 484/470/480 485/472/480
f 292/562/481 483/468/481 484/470/481
f 291/563/482 482/466/482 483/468/482
f 290/564/483 513/464/483 482/466/483
f 545/332/484 514/691/484 354/565/484
f 544/566/485 545/332/485 385/400/485
f 543/567/486 544/566/486 384/403/486
f 542/568/487 543/567/487 383/405/487
f 541/569/488 542/568/488 382/407/488
f 540/570/489 541/569/489 381/409/489
f 539/571/490 540/570/490 380/411/490
f 538/572/491 539/571/491 379/413/491
f 537/573/492 538/572/492 378/415/492
f 536/574/493 537/573/493 377/417/493
f 535/575/494 536/574/494 376/419/494
f 534/576/495 535/575/495 375/421/495
f 533/577/496 534/576/496 374/423/496
f 532/578/497 533/577/497 373/425/497
f 531/579/498 532/578/498 372/427/498
f 530/580/499 531/579/499 371/429/499
f 369/435/500 529/330/500 530/580/500
f 368/437/501 528/581/501 529/330/501
f 367/439/502 527/582/502 528/581/502
f 366/441/503 526/583/503 527/582/503
f 365/443/504 525/584/504 526/583/504
f 364/445/505 524/585/505 525/584/505
f 363/447/506 523/586/506 524/585/506
f 362/449/507 522/587/507 523/586/507
f 361/451/508 521/331/508 522/587/508
f 360/453/509 520/588/509 521/331/509
f 359/455/510 519/589/510 520/588/510
f 358/457/511 518/590/511 519/589/511
f 357/459/512 517/591/512 518/590/512
f 356/461/513 516/592/513 517/591/513
f 355/463/514 515/594/514 516/592/514
f 354/593/515 514/721/515 515/594/515
f 555/94/516 619/94/516 618/80/516
f 197/241/517 570/241/517 569/227/517
f 141/170/518 563/170/518 562/157/518
f 85/100/519 556/100/519 555/94/519
f 29/28/520 549/28/520 548/23/520
f 213/267/521 572/267/521 571/249/521
f 157/187/522 565/187/522 564/182/522
f 77/94/516 555/94/516 554/80/516
f 237/301/523 575/301/523 574/286/523
f 13/8/524 546/8/524 547/9/524
f 101/120/525 558/120/525 557/114/525
f 21/23/526 548/23/526 546/8/526
f 229/286/527 574/286/527 573/274/527
f 117/138/528 560/138/528 559/131/528
f 45/57/529 551/57/529 550/41/529
f 253/318/530 577/318/530 576/306/530
f 173/207/531 567/207/531 566/202/531
f 93/114/532 557/114/532 556/100/532
f 37/41/533 550/41/533 549/28/533
f 61/75/534 553/75/534 552/62/534
f 5/9/535 547/9/535 577/318/535
f 245/306/536 576/306/536 575/301/536
f 189/227/537 569/227/537 568/221/537
f 165/202/538 566/202/538 565/187/538
f 133/157/539 562/157/539 561/150/539
f 109/131/540 559/131/540 558/120/540
f 53/62/541 552/62/541 551/57/541
f 181/221/542 568/221/542 567/207/542
f 205/249/543 571/249/543 570/248/543
f 149/182/544 564/182/544 563/170/544
f 125/150/545 561/150/545 560/138/545
f 69/80/546 554/80/546 553/75/546
f 608/597/291 609/690/291 579/662/291
f 579/662/291 578/663/291 580/664/291
f 580/664/291 581/665/291 582/666/291
f 582/666/291 583/667/291 584/668/291
f 584/668/291 585/669/291 586/670/291
f 586/670/291 587/671/291 588/672/291
f 588/672/291 589/673/291 590/674/291
f 590/674/291 591/675/291 592/595/291
f 592/595/291 593/676/291 594/677/291
f 594/677/291 595/678/291 596/679/291
f 596/679/291 597/680/291 598/681/291
f 598/681/291 599/682/291 600/596/291
f 600/596/291 601/683/291 602/684/291
f 602/684/291 603/685/291 604/686/291
f 604/686/291 605/687/291 606/688/291
f 606/688/291 607/689/291 608/597/291
f 608/597/291 579/662/291 580/664/291
f 580/664/291 582/666/291 584/668/291
f 584/668/291 586/670/291 588/672/291
f 588/672/291 590/674/291 592/595/291
f 592/595/291 594/677/291 596/679/291
f 596/679/291 598/681/291 600/596/291
f 600/596/291 602/684/291 604/686/291
f 604/686/291 606/688/291 608/597/291
f 608/597/291 580/664/291 584/668/291
f 584/668/291 588/672/291 592/595/291
f 592/595/291 596/679/291 600/596/291
f 600/596/291 604/686/291 608/597/291
f 608/597/291 584/668/291 592/595/291
f 569/227/537 633/227/537 632/221/537
f 556/100/519 620/100/519 619/94/519
f 570/241/517 634/241/517 633/227/517
f 557/114/532 621/114/532 620/100/532
f 571/249/543 635/249/543 634/248/543
f 558/120/525 622/120/525 621/114/525
f 572/267/521 636/267/521 635/249/521
f 559/131/540 623/131/540 622/120/540
f 573/274/251 637/274/251 636/267/251
f 560/138/528 624/138/528 623/131/528
f 546/8/524 610/8/524 611/9/524
f 574/286/527 638/286/527 637/274/527
f 561/150/545 625/150/545 624/138/545
f 548/23/526 612/23/526 610/8/526
f 575/301/523 639/301/523 638/286/523
f 562/157/539 626/157/539 625/150/539
f 549/28/520 613/28/520 612/23/520
f 576/306/536 640/306/536 639/301/536
f 563/170/518 627/170/518 626/157/518
f 550/41/533 614/41/533 613/28/533
f 577/318/530 641/318/530 640/306/530
f 564/182/544 628/182/544 627/170/544
f 551/57/529 615/57/529 614/41/529
f 547/9/535 611/9/535 641/318/535
f 565/187/522 629/187/522 628/182/522
f 552/62/541 616/62/541 615/57/541
f 566/202/538 630/202/538 629/187/538
f 553/75/534 617/75/534 616/62/534
f 567/207/531 631/207/531 630/202/531
f 554/80/546 618/80/546 617/75/546
f 568/221/542 632/221/542 631/207/542
f 643/598/547 611/9/547 610/8/547
f 642/599/548 610/8/548 612/23/548
f 644/600/549 612/23/549 613/28/549
f 645/601/550 613/28/550 614/41/550
f 646/602/551 614/41/551 615/57/551
f 647/603/552 615/57/552 616/62/552
f 648/604/553 616/62/553 617/75/553
f 650/606/554 649/605/554 617/75/554
f 650/606/555 618/80/555 619/94/555
f 651/607/556 619/94/556 620/100/556
f 652/608/557 620/100/557 621/114/557
f 654/610/558 653/609/558 621/114/558
f 654/610/559 622/120/559 623/131/559
f 655/611/560 623/131/560 624/138/560
f 656/612/561 624/138/561 625/150/561
f 657/613/562 625/150/562 626/157/562
f 658/614/563 626/157/563 627/170/563
f 660/616/564 659/615/564 627/170/564
f 660/616/565 628/182/565 629/187/565
f 661/617/566 629/187/566 630/202/566
f 662/618/567 630/202/567 631/207/567
f 663/619/568 631/207/568 632/221/568
f 665/621/569 664/620/569 632/221/569
f 665/621/570 633/227/570 634/248/570
f 666/622/571 634/248/571 635/249/571
f 667/623/572 635/249/572 636/267/572
f 669/625/573 668/624/573 636/267/573
f 669/625/574 637/274/574 638/286/574
f 670/626/575 638/286/575 639/301/575
f 671/627/576 639/301/576 640/306/576
f 672/628/577 640/306/577 641/318/577
f 643/598/578 673/629/578 641/318/578
f 675/630/291 643/598/291 642/599/291
f 674/631/291 642/599/291 644/600/291
f 676/632/291 644/600/291 645/601/291
f 678/634/291 677/633/291 645/601/291
f 679/635/291 678/634/291 646/602/291
f 679/635/291 647/603/291 648/604/291
f 680/636/291 648/604/291 649/605/291
f 682/638/291 681/637/291 649/605/291
f 682/638/291 650/606/291 651/607/291
f 684/640/291 683/639/291 651/607/291
f 684/640/291 652/608/291 653/609/291
f 686/642/291 685/641/291 653/609/291
f 686/642/291 654/610/291 655/611/291
f 687/643/291 655/611/291 656/612/291
f 689/645/291 688/644/291 656/612/291
f 690/646/291 689/645/291 657/613/291
f 690/646/291 658/614/291 659/615/291
f 692/648/291 691/647/291 659/615/291
f 692/648/291 660/616/291 661/617/291
f 693/649/291 661/617/291 662/618/291
f 695/651/291 694/650/291 662/618/291
f 695/651/291 663/619/291 664/620/291
f 696/652/291 664/620/291 665/621/291
f 697/653/291 665/621/291 666/622/291
f 698/654/291 666/622/291 667/623/291
f 700/656/291 699/655/291 667/623/291
f 700/656/291 668/624/291 669/625/291
f 701/657/291 669/625/291 670/626/291
f 702/658/291 670/626/291 671/627/291
f 703/659/291 671/627/291 672/628/291
f 704/660/291 672/628/291 673/629/291
f 675/630/291 705/661/291 673/629/291
f 579/662/627 675/630/627 674/631/627
f 580/664/580 578/663/580 674/631/580
f 580/664/581 676/632/581 677/633/581
f 581/665/582 677/633/582 678/634/582
f 582/666/583 678/634/583 679/635/583
f 583/667/584 679/635/584 680/636/584
f 584/668/585 680/636/585 681/637/585
f 585/669/628 681/637/628 682/638/628
f 586/670/629 682/638/629 683/639/629
f 587/671/588 683/639/588 684/640/588
f 588/672/589 684/640/589 685/641/589
f 589/673/590 685/641/590 686/642/590
f 590/674/591 686/642/591 687/643/591
f 591/675/592 687/643/592 688/644/592
f 592/595/593 688/644/593 689/645/593
f 593/676/630 689/645/630 690/646/630
f 594/677/595 690/646/595 691/647/595
f 596/679/596 595/678/596 691/647/596
f 596/679/597 692/648/597 693/649/597
f 597/680/598 693/649/598 694/650/598
f 598/681/599 694/650/599 695/651/599
f 599/682/600 695/651/600 696/652/600
f 600/596/601 696/652/601 697/653/601
f 601/683/631 697/653/631 698/654/631
f 602/684/603 698/654/603 699/655/603
f 603/685/604 699/655/604 700/656/604
f 604/686/605 700/656/605 701/657/605
f 605/687/606 701/657/606 702/658/606
f 606/688/607 702/658/607 703/659/607
f 607/689/608 703/659/608 704/660/608
f 608/597/609 704/660/609 705/661/609
f 579/662/610 609/690/610 705/661/610
