# Blender 4.1.1
# www.blender.org
mtllib player.mtl
o 球
v 0.000000 1.378994 0.555570
v 0.000000 1.103095 0.831470
v 0.000000 0.742615 0.980785
v 0.000000 0.547525 1.000000
v 0.000000 0.352434 0.980785
v 0.000000 -0.008046 0.831470
v -0.038060 1.528310 0.191342
v -0.074658 1.471404 0.375330
v -0.108386 1.378994 0.544895
v -0.137950 1.254632 0.693520
v -0.162212 1.103095 0.815493
v -0.180240 0.930208 0.906127
v -0.191342 0.742615 0.961940
v -0.195090 0.547525 0.980785
v -0.191342 0.352434 0.961940
v -0.180240 0.164841 0.906127
v -0.162212 -0.008046 0.815493
v -0.137950 -0.159582 0.693520
v -0.108386 -0.283945 0.544895
v -0.074658 -0.376355 0.375330
v -0.038060 -0.433261 0.191342
v -0.074658 1.528310 0.180240
v -0.146447 1.471404 0.353553
v -0.212608 1.378994 0.513280
v -0.270598 1.254632 0.653281
v -0.318190 1.103095 0.768178
v -0.353553 0.930208 0.853553
v -0.375330 0.742615 0.906127
v -0.382683 0.547525 0.923879
v -0.375330 0.352434 0.906127
v -0.353553 0.164841 0.853553
v -0.318190 -0.008046 0.768178
v -0.270598 -0.159582 0.653281
v -0.212608 -0.283945 0.513280
v -0.146447 -0.376355 0.353553
v -0.074658 -0.433261 0.180240
v -0.108386 1.528310 0.162212
v -0.212608 1.471404 0.318190
v -0.308658 1.378994 0.461940
v -0.392847 1.254632 0.587938
v -0.461940 1.103095 0.691342
v -0.513280 0.930208 0.768178
v -0.544895 0.742615 0.815493
v -0.555570 0.547525 0.831469
v -0.544895 0.352434 0.815493
v -0.513280 0.164841 0.768178
v -0.461940 -0.008046 0.691342
v -0.392847 -0.159582 0.587938
v -0.308658 -0.283945 0.461940
v -0.212608 -0.376355 0.318190
v -0.108386 -0.433261 0.162212
v -0.137950 1.528310 0.137950
v -0.270598 1.471404 0.270598
v -0.392847 1.378994 0.392847
v -0.500000 1.254632 0.500000
v -0.587938 1.103095 0.587938
v -0.653281 0.930208 0.653281
v -0.693520 0.742615 0.693520
v -0.707107 0.547525 0.707107
v -0.693520 0.352434 0.693520
v -0.653281 0.164841 0.653281
v -0.587938 -0.008046 0.587938
v -0.500000 -0.159582 0.500000
v -0.392847 -0.283945 0.392847
v -0.270598 -0.376355 0.270598
v -0.137950 -0.433261 0.137950
v -0.162212 1.528310 0.108386
v -0.318190 1.471404 0.212608
v -0.461940 1.378994 0.308658
v -0.587938 1.254632 0.392847
v -0.691342 1.103095 0.461940
v -0.768178 0.930208 0.513280
v -0.815493 0.742615 0.544895
v -0.831470 0.547525 0.555570
v -0.815493 0.352434 0.544895
v -0.768178 0.164841 0.513280
v -0.691342 -0.008046 0.461940
v -0.587938 -0.159582 0.392847
v -0.461940 -0.283945 0.308658
v -0.318190 -0.376355 0.212608
v -0.162212 -0.433261 0.108386
v 0.000000 1.547525 0.000000
v -0.180240 1.528310 0.074658
v -0.353553 1.471404 0.146447
v -0.513280 1.378994 0.212607
v -0.653281 1.254632 0.270598
v -0.768178 1.103095 0.318190
v -0.853553 0.930208 0.353553
v -0.906127 0.742615 0.375330
v -0.923879 0.547525 0.382683
v -0.906127 0.352434 0.375330
v -0.853553 0.164841 0.353553
v -0.768178 -0.008046 0.318190
v -0.653281 -0.159582 0.270598
v -0.513280 -0.283945 0.212607
v -0.353553 -0.376355 0.146447
v -0.180240 -0.433261 0.074658
v -0.191342 1.528310 0.038060
v -0.375330 1.471404 0.074658
v -0.544895 1.378994 0.108386
v -0.693520 1.254632 0.137950
v -0.815493 1.103095 0.162212
v -0.906127 0.930208 0.180240
v -0.961940 0.742615 0.191342
v -0.980785 0.547525 0.195090
v -0.961940 0.352434 0.191342
v -0.906127 0.164841 0.180240
v -0.815493 -0.008046 0.162212
v -0.693520 -0.159582 0.137950
v -0.544895 -0.283945 0.108386
v -0.375330 -0.376355 0.074658
v -0.191342 -0.433261 0.038060
v -0.195090 1.528310 -0.000000
v -0.382683 1.471404 -0.000000
v -0.555570 1.378994 -0.000000
v -0.707107 1.254632 0.000000
v -0.831469 1.103095 -0.000000
v -0.923879 0.930208 0.000000
v -0.980785 0.742615 -0.000000
v -1.000000 0.547525 -0.000000
v -0.980785 0.352434 -0.000000
v -0.923879 0.164841 0.000000
v -0.831469 -0.008046 -0.000000
v -0.707107 -0.159582 0.000000
v -0.555570 -0.283945 -0.000000
v -0.382683 -0.376355 -0.000000
v -0.195090 -0.433261 -0.000000
v -0.191342 1.528310 -0.038060
v -0.375330 1.471404 -0.074658
v -0.544895 1.378994 -0.108386
v -0.693520 1.254632 -0.137950
v -0.815493 1.103095 -0.162212
v -0.906127 0.930208 -0.180240
v -0.961940 0.742615 -0.191342
v -0.980785 0.547525 -0.195090
v -0.961940 0.352434 -0.191342
v -0.906127 0.164841 -0.180240
v -0.815493 -0.008046 -0.162212
v -0.693520 -0.159582 -0.137950
v -0.544895 -0.283945 -0.108386
v -0.375330 -0.376355 -0.074658
v -0.191342 -0.433261 -0.038060
v -0.180240 1.528310 -0.074658
v -0.353553 1.471404 -0.146447
v -0.513280 1.378994 -0.212608
v -0.653281 1.254632 -0.270598
v -0.768178 1.103095 -0.318190
v -0.853553 0.930208 -0.353553
v -0.906127 0.742615 -0.375330
v -0.923879 0.547525 -0.382683
v -0.906127 0.352434 -0.375330
v -0.853553 0.164841 -0.353553
v -0.768178 -0.008046 -0.318190
v -0.653281 -0.159582 -0.270598
v -0.513280 -0.283945 -0.212608
v -0.353553 -0.376355 -0.146447
v -0.180240 -0.433261 -0.074658
v -0.162212 1.528310 -0.108386
v -0.318190 1.471404 -0.212608
v -0.461940 1.378994 -0.308658
v -0.587938 1.254632 -0.392847
v -0.691341 1.103095 -0.461940
v -0.768178 0.930208 -0.513280
v -0.815493 0.742615 -0.544895
v -0.831469 0.547525 -0.555570
v -0.815493 0.352434 -0.544895
v -0.768178 0.164841 -0.513280
v -0.691341 -0.008046 -0.461940
v -0.587938 -0.159582 -0.392847
v -0.461940 -0.283945 -0.308658
v -0.318190 -0.376355 -0.212608
v -0.162212 -0.433261 -0.108386
v -0.137950 1.528310 -0.137950
v -0.270598 1.471404 -0.270598
v -0.392847 1.378994 -0.392847
v -0.500000 1.254632 -0.500000
v -0.587938 1.103095 -0.587938
v -0.653281 0.930208 -0.653281
v -0.693520 0.742615 -0.693520
v -0.707106 0.547525 -0.707107
v -0.693520 0.352434 -0.693520
v -0.653281 0.164841 -0.653281
v -0.587938 -0.008046 -0.587938
v -0.500000 -0.159582 -0.500000
v -0.392847 -0.283945 -0.392847
v -0.270598 -0.376355 -0.270598
v -0.137950 -0.433261 -0.137950
v -0.108386 1.528310 -0.162212
v -0.212607 1.471404 -0.318190
v -0.308658 1.378994 -0.461940
v -0.392847 1.254632 -0.587938
v -0.461940 1.103095 -0.691342
v -0.513280 0.930208 -0.768178
v -0.544895 0.742615 -0.815493
v -0.555570 0.547525 -0.831469
v -0.544895 0.352434 -0.815493
v -0.513280 0.164841 -0.768178
v -0.461940 -0.008046 -0.691342
v -0.392847 -0.159582 -0.587938
v -0.308658 -0.283945 -0.461940
v -0.212607 -0.376355 -0.318190
v -0.108386 -0.433261 -0.162212
v -0.074658 1.528310 -0.180240
v -0.146447 1.471404 -0.353553
v -0.212607 1.378994 -0.513280
v -0.270598 1.254632 -0.653281
v -0.318189 1.103095 -0.768178
v -0.353553 0.930208 -0.853553
v -0.375330 0.742615 -0.906127
v -0.382683 0.547525 -0.923879
v -0.375330 0.352434 -0.906127
v -0.353553 0.164841 -0.853553
v -0.318189 -0.008046 -0.768178
v -0.270598 -0.159582 -0.653281
v -0.212607 -0.283945 -0.513280
v -0.146447 -0.376355 -0.353553
v -0.074658 -0.433261 -0.180240
v -0.038060 1.528310 -0.191342
v -0.074658 1.471404 -0.375330
v -0.108386 1.378994 -0.544895
v -0.137950 1.254632 -0.693520
v -0.162212 1.103095 -0.815493
v -0.180240 0.930208 -0.906127
v -0.191342 0.742615 -0.961939
v -0.195090 0.547525 -0.980785
v -0.191342 0.352434 -0.961939
v -0.180240 0.164841 -0.906127
v -0.162212 -0.008046 -0.815493
v -0.137950 -0.159582 -0.693520
v -0.108386 -0.283945 -0.544895
v -0.074658 -0.376355 -0.375330
v -0.038060 -0.433261 -0.191342
v 0.000000 1.528310 -0.195090
v 0.000000 1.471404 -0.382683
v 0.000000 1.378994 -0.555570
v 0.000000 1.254632 -0.707107
v 0.000000 1.103095 -0.831469
v -0.000000 0.930208 -0.923879
v 0.000000 0.742615 -0.980785
v 0.000000 0.547525 -0.999999
v 0.000000 0.352434 -0.980785
v -0.000000 0.164841 -0.923879
v 0.000000 -0.008046 -0.831469
v 0.000000 -0.159582 -0.707107
v 0.000000 -0.283945 -0.555570
v 0.000000 -0.376355 -0.382683
v 0.000000 -0.433261 -0.195090
v 0.038060 1.528310 -0.191342
v 0.074658 1.471404 -0.375330
v 0.108386 1.378994 -0.544895
v 0.137950 1.254632 -0.693520
v 0.162212 1.103095 -0.815493
v 0.180240 0.930208 -0.906127
v 0.191342 0.742615 -0.961939
v 0.195091 0.547525 -0.980785
v 0.191342 0.352434 -0.961939
v 0.180240 0.164841 -0.906127
v 0.162212 -0.008046 -0.815493
v 0.137950 -0.159582 -0.693520
v 0.108386 -0.283945 -0.544895
v 0.074658 -0.376355 -0.375330
v 0.038060 -0.433261 -0.191342
v 0.074658 1.528310 -0.180240
v 0.146447 1.471404 -0.353553
v 0.212608 1.378994 -0.513280
v 0.270598 1.254632 -0.653281
v 0.318190 1.103095 -0.768177
v 0.353553 0.930208 -0.853553
v 0.375330 0.742615 -0.906127
v 0.382683 0.547525 -0.923879
v 0.375330 0.352434 -0.906127
v 0.353553 0.164841 -0.853553
v 0.318190 -0.008046 -0.768177
v 0.270598 -0.159582 -0.653281
v 0.212608 -0.283945 -0.513280
v 0.146447 -0.376355 -0.353553
v 0.074658 -0.433261 -0.180240
v 0.108386 1.528310 -0.162212
v 0.212608 1.471404 -0.318190
v 0.308658 1.378994 -0.461939
v 0.392847 1.254632 -0.587938
v 0.461940 1.103095 -0.691341
v 0.513280 0.930208 -0.768178
v 0.544895 0.742615 -0.815493
v 0.555570 0.547525 -0.831469
v 0.544895 0.352434 -0.815493
v 0.513280 0.164841 -0.768178
v 0.461940 -0.008046 -0.691341
v 0.392847 -0.159582 -0.587938
v 0.308658 -0.283945 -0.461939
v 0.212608 -0.376355 -0.318190
v 0.108386 -0.433261 -0.162212
v 0.137950 1.528310 -0.137950
v 0.270598 1.471404 -0.270598
v 0.392847 1.378994 -0.392847
v 0.500000 1.254632 -0.500000
v 0.587938 1.103095 -0.587937
v 0.653281 0.930208 -0.653281
v 0.693520 0.742615 -0.693520
v 0.707106 0.547525 -0.707106
v 0.693520 0.352434 -0.693520
v 0.653281 0.164841 -0.653281
v 0.587938 -0.008046 -0.587937
v 0.500000 -0.159582 -0.500000
v 0.392847 -0.283945 -0.392847
v 0.270598 -0.376355 -0.270598
v 0.137950 -0.433261 -0.137950
v 0.000000 -0.452475 0.000000
v 0.162212 1.528310 -0.108386
v 0.318190 1.471404 -0.212607
v 0.461940 1.378994 -0.308658
v 0.587938 1.254632 -0.392847
v 0.691341 1.103095 -0.461939
v 0.768177 0.930208 -0.513280
v 0.815493 0.742615 -0.544895
v 0.831469 0.547525 -0.555569
v 0.815493 0.352434 -0.544895
v 0.768177 0.164841 -0.513280
v 0.691341 -0.008046 -0.461939
v 0.587938 -0.159582 -0.392847
v 0.461940 -0.283945 -0.308658
v 0.318190 -0.376355 -0.212607
v 0.162212 -0.433261 -0.108386
v 0.180240 1.528310 -0.074658
v 0.353553 1.471404 -0.146447
v 0.513280 1.378994 -0.212607
v 0.653281 1.254632 -0.270598
v 0.768177 1.103095 -0.318189
v 0.853553 0.930208 -0.353553
v 0.906127 0.742615 -0.375330
v 0.923879 0.547525 -0.382683
v 0.906127 0.352434 -0.375330
v 0.853553 0.164841 -0.353553
v 0.768177 -0.008046 -0.318189
v 0.653281 -0.159582 -0.270598
v 0.513280 -0.283945 -0.212607
v 0.353553 -0.376355 -0.146447
v 0.180240 -0.433261 -0.074658
v 0.191342 1.528310 -0.038060
v 0.375330 1.471404 -0.074658
v 0.544895 1.378994 -0.108386
v 0.693520 1.254632 -0.137950
v 0.815493 1.103095 -0.162211
v 0.906127 0.930208 -0.180240
v 0.961939 0.742615 -0.191341
v 0.980784 0.547525 -0.195090
v 0.961939 0.352434 -0.191341
v 0.906127 0.164841 -0.180240
v 0.815493 -0.008046 -0.162211
v 0.693520 -0.159582 -0.137950
v 0.544895 -0.283945 -0.108386
v 0.375330 -0.376355 -0.074658
v 0.191342 -0.433261 -0.038060
v 0.195090 1.528310 0.000000
v 0.382683 1.471404 0.000000
v 0.555570 1.378994 0.000000
v 0.707107 1.254632 0.000000
v 0.831469 1.103095 0.000000
v 0.923879 0.930208 0.000000
v 0.980785 0.742615 0.000000
v 0.999999 0.547525 0.000000
v 0.980785 0.352434 0.000000
v 0.923879 0.164841 0.000000
v 0.831469 -0.008046 0.000000
v 0.707107 -0.159582 0.000000
v 0.555570 -0.283945 0.000000
v 0.382683 -0.376355 0.000000
v 0.195090 -0.433261 0.000000
v 0.191342 1.528310 0.038060
v 0.375330 1.471404 0.074658
v 0.544895 1.378994 0.108386
v 0.693520 1.254632 0.137950
v 0.815493 1.103095 0.162212
v 0.906127 0.930208 0.180240
v 0.961939 0.742615 0.191342
v 0.980784 0.547525 0.195091
v 0.961939 0.352434 0.191342
v 0.906127 0.164841 0.180240
v 0.815493 -0.008046 0.162212
v 0.693520 -0.159582 0.137950
v 0.544895 -0.283945 0.108386
v 0.375330 -0.376355 0.074658
v 0.191342 -0.433261 0.038060
v 0.180240 1.528310 0.074658
v 0.353553 1.471404 0.146447
v 0.513279 1.378994 0.212607
v 0.653281 1.254632 0.270598
v 0.768177 1.103095 0.318190
v 0.853553 0.930208 0.353553
v 0.906127 0.742615 0.375330
v 0.923878 0.547525 0.382683
v 0.906127 0.352434 0.375330
v 0.853553 0.164841 0.353553
v 0.768177 -0.008046 0.318190
v 0.653281 -0.159582 0.270598
v 0.513279 -0.283945 0.212607
v 0.353553 -0.376355 0.146447
v 0.180240 -0.433261 0.074658
v 0.162212 1.528310 0.108386
v 0.318189 1.471404 0.212607
v 0.461939 1.378994 0.308658
v 0.587938 1.254632 0.392847
v 0.691341 1.103095 0.461940
v 0.768177 0.930208 0.513280
v 0.815493 0.742615 0.544895
v 0.831468 0.547525 0.555570
v 0.815493 0.352434 0.544895
v 0.768177 0.164841 0.513280
v 0.691341 -0.008046 0.461940
v 0.587938 -0.159582 0.392847
v 0.461939 -0.283945 0.308658
v 0.318189 -0.376355 0.212607
v 0.162212 -0.433261 0.108386
v 0.137950 1.528310 0.137950
v 0.270598 1.471404 0.270598
v 0.392847 1.378994 0.392847
v 0.500000 1.254632 0.500000
v 0.587937 1.103095 0.587938
v 0.653281 0.930208 0.653281
v 0.693519 0.742615 0.693520
v 0.707106 0.547525 0.707106
v 0.693519 0.352434 0.693520
v 0.653281 0.164841 0.653281
v 0.587937 -0.008046 0.587938
v 0.500000 -0.159582 0.500000
v 0.392847 -0.283945 0.392847
v 0.270598 -0.376355 0.270598
v 0.137950 -0.433261 0.137950
v 0.108386 1.528310 0.162212
v 0.212607 1.471404 0.318190
v 0.308658 1.378994 0.461939
v 0.392847 1.254632 0.587938
v 0.461939 1.103095 0.691341
v 0.513280 0.930208 0.768177
v 0.544895 0.742615 0.815493
v 0.555569 0.547525 0.831469
v 0.544895 0.352434 0.815493
v 0.513280 0.164841 0.768177
v 0.461939 -0.008046 0.691341
v 0.392847 -0.159582 0.587938
v 0.308658 -0.283945 0.461939
v 0.212607 -0.376355 0.318190
v 0.108386 -0.433261 0.162212
v 0.074658 1.528310 0.180240
v 0.146446 1.471404 0.353553
v 0.212607 1.378994 0.513279
v 0.270598 1.254632 0.653281
v 0.318189 1.103095 0.768177
v 0.353553 0.930208 0.853553
v 0.375330 0.742615 0.906127
v 0.382683 0.547525 0.923879
v 0.375330 0.352434 0.906127
v 0.353553 0.164841 0.853553
v 0.318189 -0.008046 0.768177
v 0.270598 -0.159582 0.653281
v 0.212607 -0.283945 0.513279
v 0.146446 -0.376355 0.353553
v 0.074658 -0.433261 0.180240
v 0.038060 1.528310 0.191342
v 0.074658 1.471404 0.375330
v 0.108386 1.378994 0.544895
v 0.137950 1.254632 0.693520
v 0.162211 1.103095 0.815493
v 0.180240 0.930208 0.906127
v 0.191341 0.742615 0.961939
v 0.195090 0.547525 0.980784
v 0.191341 0.352434 0.961939
v 0.180240 0.164841 0.906127
v 0.162211 -0.008046 0.815493
v 0.137950 -0.159582 0.693520
v 0.108386 -0.283945 0.544895
v 0.074658 -0.376355 0.375330
v 0.038060 -0.433261 0.191342
v -0.000000 1.528310 0.195090
v -0.000000 1.471404 0.382683
v -0.000000 1.254632 0.707107
v -0.000000 0.930208 0.923879
v -0.000000 0.164841 0.923879
v -0.000000 -0.159582 0.707107
v -0.000000 -0.283945 0.555570
v -0.000000 -0.376355 0.382683
v -0.000000 -0.433261 0.195090
v 0.000000 -0.500000 1.000000
v 0.000000 0.500000 1.000000
v -0.195090 -0.500000 0.980785
v -0.195090 0.500000 0.980785
v -0.382683 -0.500000 0.923880
v -0.382683 0.500000 0.923880
v -0.555570 -0.500000 0.831470
v -0.555570 0.500000 0.831470
v -0.707107 -0.500000 0.707107
v -0.707107 0.500000 0.707107
v -0.831470 -0.500000 0.555570
v -0.831470 0.500000 0.555570
v -0.923880 -0.500000 0.382683
v -0.923880 0.500000 0.382683
v -0.980785 -0.500000 0.195090
v -0.980785 0.500000 0.195090
v -1.000000 -0.500000 0.000000
v -1.000000 0.500000 0.000000
v -0.980785 -0.500000 -0.195090
v -0.980785 0.500000 -0.195090
v -0.923880 -0.500000 -0.382683
v -0.923880 0.500000 -0.382683
v -0.831470 -0.500000 -0.555570
v -0.831470 0.500000 -0.555570
v -0.707107 -0.500000 -0.707107
v -0.707107 0.500000 -0.707107
v -0.555570 -0.500000 -0.831470
v -0.555570 0.500000 -0.831470
v -0.382683 -0.500000 -0.923880
v -0.382683 0.500000 -0.923880
v -0.195090 -0.500000 -0.980785
v -0.195090 0.500000 -0.980785
v 0.000000 -0.500000 -1.000000
v 0.000000 0.500000 -1.000000
v 0.195090 -0.500000 -0.980785
v 0.195090 0.500000 -0.980785
v 0.382683 -0.500000 -0.923880
v 0.382683 0.500000 -0.923880
v 0.555570 -0.500000 -0.831470
v 0.555570 0.500000 -0.831470
v 0.707107 -0.500000 -0.707107
v 0.707107 0.500000 -0.707107
v 0.831470 -0.500000 -0.555570
v 0.831470 0.500000 -0.555570
v 0.923880 -0.500000 -0.382683
v 0.923880 0.500000 -0.382683
v 0.980785 -0.500000 -0.195090
v 0.980785 0.500000 -0.195090
v 1.000000 -0.500000 0.000000
v 1.000000 0.500000 0.000000
v 0.980785 -0.500000 0.195090
v 0.980785 0.500000 0.195090
v 0.923880 -0.500000 0.382683
v 0.923880 0.500000 0.382683
v 0.831470 -0.500000 0.555570
v 0.831470 0.500000 0.555570
v 0.707107 -0.500000 0.707107
v 0.707107 0.500000 0.707107
v 0.555570 -0.500000 0.831470
v 0.555570 0.500000 0.831470
v 0.382683 -0.500000 0.923880
v 0.382683 0.500000 0.923880
v 0.195090 -0.500000 0.980785
v 0.195090 0.500000 0.980785
v 0.000000 0.186554 0.555570
v 0.000000 -0.089345 0.831470
v 0.000000 -0.449825 0.980785
v 0.000000 -0.644915 1.000000
v 0.000000 -0.840005 0.980785
v 0.000000 -1.200485 0.831470
v -0.038060 0.335870 0.191342
v -0.074658 0.278964 0.375330
v -0.108386 0.186554 0.544895
v -0.137950 0.062192 0.693520
v -0.162212 -0.089345 0.815493
v -0.180240 -0.262232 0.906127
v -0.191342 -0.449825 0.961940
v -0.195090 -0.644915 0.980785
v -0.191342 -0.840005 0.961940
v -0.180240 -1.027599 0.906127
v -0.162212 -1.200485 0.815493
v -0.137950 -1.352022 0.693520
v -0.108386 -1.476385 0.544895
v -0.074658 -1.568794 0.375330
v -0.038060 -1.625700 0.191342
v -0.074658 0.335870 0.180240
v -0.146447 0.278964 0.353553
v -0.212608 0.186554 0.513280
v -0.270598 0.062192 0.653281
v -0.318190 -0.089345 0.768178
v -0.353553 -0.262232 0.853553
v -0.375330 -0.449825 0.906127
v -0.382683 -0.644915 0.923879
v -0.375330 -0.840005 0.906127
v -0.353553 -1.027599 0.853553
v -0.318190 -1.200485 0.768178
v -0.270598 -1.352022 0.653281
v -0.212608 -1.476385 0.513280
v -0.146447 -1.568794 0.353553
v -0.074658 -1.625700 0.180240
v -0.108386 0.335870 0.162212
v -0.212608 0.278964 0.318190
v -0.308658 0.186554 0.461940
v -0.392847 0.062192 0.587938
v -0.461940 -0.089345 0.691342
v -0.513280 -0.262232 0.768178
v -0.544895 -0.449825 0.815493
v -0.555570 -0.644915 0.831469
v -0.544895 -0.840005 0.815493
v -0.513280 -1.027599 0.768178
v -0.461940 -1.200485 0.691342
v -0.392847 -1.352022 0.587938
v -0.308658 -1.476385 0.461940
v -0.212608 -1.568794 0.318190
v -0.108386 -1.625700 0.162212
v -0.137950 0.335870 0.137950
v -0.270598 0.278964 0.270598
v -0.392847 0.186554 0.392847
v -0.500000 0.062192 0.500000
v -0.587938 -0.089345 0.587938
v -0.653281 -0.262232 0.653281
v -0.693520 -0.449825 0.693520
v -0.707107 -0.644915 0.707107
v -0.693520 -0.840005 0.693520
v -0.653281 -1.027599 0.653281
v -0.587938 -1.200485 0.587938
v -0.500000 -1.352022 0.500000
v -0.392847 -1.476385 0.392847
v -0.270598 -1.568794 0.270598
v -0.137950 -1.625700 0.137950
v -0.162212 0.335870 0.108386
v -0.318190 0.278964 0.212608
v -0.461940 0.186554 0.308658
v -0.587938 0.062192 0.392847
v -0.691342 -0.089345 0.461940
v -0.768178 -0.262232 0.513280
v -0.815493 -0.449825 0.544895
v -0.831470 -0.644915 0.555570
v -0.815493 -0.840005 0.544895
v -0.768178 -1.027599 0.513280
v -0.691342 -1.200485 0.461940
v -0.587938 -1.352022 0.392847
v -0.461940 -1.476385 0.308658
v -0.318190 -1.568794 0.212608
v -0.162212 -1.625700 0.108386
v 0.000000 0.355085 0.000000
v -0.180240 0.335870 0.074658
v -0.353553 0.278964 0.146447
v -0.513280 0.186554 0.212607
v -0.653281 0.062192 0.270598
v -0.768178 -0.089345 0.318190
v -0.853553 -0.262232 0.353553
v -0.906127 -0.449825 0.375330
v -0.923879 -0.644915 0.382683
v -0.906127 -0.840005 0.375330
v -0.853553 -1.027599 0.353553
v -0.768178 -1.200485 0.318190
v -0.653281 -1.352022 0.270598
v -0.513280 -1.476385 0.212607
v -0.353553 -1.568794 0.146447
v -0.180240 -1.625700 0.074658
v -0.191342 0.335870 0.038060
v -0.375330 0.278964 0.074658
v -0.544895 0.186554 0.108386
v -0.693520 0.062192 0.137950
v -0.815493 -0.089345 0.162212
v -0.906127 -0.262232 0.180240
v -0.961940 -0.449825 0.191342
v -0.980785 -0.644915 0.195090
v -0.961940 -0.840005 0.191342
v -0.906127 -1.027599 0.180240
v -0.815493 -1.200485 0.162212
v -0.693520 -1.352022 0.137950
v -0.544895 -1.476385 0.108386
v -0.375330 -1.568794 0.074658
v -0.191342 -1.625700 0.038060
v -0.195090 0.335870 -0.000000
v -0.382683 0.278964 -0.000000
v -0.555570 0.186554 -0.000000
v -0.707107 0.062192 0.000000
v -0.831469 -0.089345 -0.000000
v -0.923879 -0.262232 0.000000
v -0.980785 -0.449825 -0.000000
v -1.000000 -0.644915 -0.000000
v -0.980785 -0.840005 -0.000000
v -0.923879 -1.027599 0.000000
v -0.831469 -1.200485 -0.000000
v -0.707107 -1.352022 0.000000
v -0.555570 -1.476385 -0.000000
v -0.382683 -1.568794 -0.000000
v -0.195090 -1.625700 -0.000000
v -0.191342 0.335870 -0.038060
v -0.375330 0.278964 -0.074658
v -0.544895 0.186554 -0.108386
v -0.693520 0.062192 -0.137950
v -0.815493 -0.089345 -0.162212
v -0.906127 -0.262232 -0.180240
v -0.961940 -0.449825 -0.191342
v -0.980785 -0.644915 -0.195090
v -0.961940 -0.840005 -0.191342
v -0.906127 -1.027599 -0.180240
v -0.815493 -1.200485 -0.162212
v -0.693520 -1.352022 -0.137950
v -0.544895 -1.476385 -0.108386
v -0.375330 -1.568794 -0.074658
v -0.191342 -1.625700 -0.038060
v -0.180240 0.335870 -0.074658
v -0.353553 0.278964 -0.146447
v -0.513280 0.186554 -0.212608
v -0.653281 0.062192 -0.270598
v -0.768178 -0.089345 -0.318190
v -0.853553 -0.262232 -0.353553
v -0.906127 -0.449825 -0.375330
v -0.923879 -0.644915 -0.382683
v -0.906127 -0.840005 -0.375330
v -0.853553 -1.027599 -0.353553
v -0.768178 -1.200485 -0.318190
v -0.653281 -1.352022 -0.270598
v -0.513280 -1.476385 -0.212608
v -0.353553 -1.568794 -0.146447
v -0.180240 -1.625700 -0.074658
v -0.162212 0.335870 -0.108386
v -0.318190 0.278964 -0.212608
v -0.461940 0.186554 -0.308658
v -0.587938 0.062192 -0.392847
v -0.691341 -0.089345 -0.461940
v -0.768178 -0.262232 -0.513280
v -0.815493 -0.449825 -0.544895
v -0.831469 -0.644915 -0.555570
v -0.815493 -0.840005 -0.544895
v -0.768178 -1.027599 -0.513280
v -0.691341 -1.200485 -0.461940
v -0.587938 -1.352022 -0.392847
v -0.461940 -1.476385 -0.308658
v -0.318190 -1.568794 -0.212608
v -0.162212 -1.625700 -0.108386
v -0.137950 0.335870 -0.137950
v -0.270598 0.278964 -0.270598
v -0.392847 0.186554 -0.392847
v -0.500000 0.062192 -0.500000
v -0.587938 -0.089345 -0.587938
v -0.653281 -0.262232 -0.653281
v -0.693520 -0.449825 -0.693520
v -0.707106 -0.644915 -0.707107
v -0.693520 -0.840005 -0.693520
v -0.653281 -1.027599 -0.653281
v -0.587938 -1.200485 -0.587938
v -0.500000 -1.352022 -0.500000
v -0.392847 -1.476385 -0.392847
v -0.270598 -1.568794 -0.270598
v -0.137950 -1.625700 -0.137950
v -0.108386 0.335870 -0.162212
v -0.212607 0.278964 -0.318190
v -0.308658 0.186554 -0.461940
v -0.392847 0.062192 -0.587938
v -0.461940 -0.089345 -0.691342
v -0.513280 -0.262232 -0.768178
v -0.544895 -0.449825 -0.815493
v -0.555570 -0.644915 -0.831469
v -0.544895 -0.840005 -0.815493
v -0.513280 -1.027599 -0.768178
v -0.461940 -1.200485 -0.691342
v -0.392847 -1.352022 -0.587938
v -0.308658 -1.476385 -0.461940
v -0.212607 -1.568794 -0.318190
v -0.108386 -1.625700 -0.162212
v -0.074658 0.335870 -0.180240
v -0.146447 0.278964 -0.353553
v -0.212607 0.186554 -0.513280
v -0.270598 0.062192 -0.653281
v -0.318189 -0.089345 -0.768178
v -0.353553 -0.262232 -0.853553
v -0.375330 -0.449825 -0.906127
v -0.382683 -0.644915 -0.923879
v -0.375330 -0.840005 -0.906127
v -0.353553 -1.027599 -0.853553
v -0.318189 -1.200485 -0.768178
v -0.270598 -1.352022 -0.653281
v -0.212607 -1.476385 -0.513280
v -0.146447 -1.568794 -0.353553
v -0.074658 -1.625700 -0.180240
v -0.038060 0.335870 -0.191342
v -0.074658 0.278964 -0.375330
v -0.108386 0.186554 -0.544895
v -0.137950 0.062192 -0.693520
v -0.162212 -0.089345 -0.815493
v -0.180240 -0.262232 -0.906127
v -0.191342 -0.449825 -0.961939
v -0.195090 -0.644915 -0.980785
v -0.191342 -0.840005 -0.961939
v -0.180240 -1.027599 -0.906127
v -0.162212 -1.200485 -0.815493
v -0.137950 -1.352022 -0.693520
v -0.108386 -1.476385 -0.544895
v -0.074658 -1.568794 -0.375330
v -0.038060 -1.625700 -0.191342
v 0.000000 0.335870 -0.195090
v 0.000000 0.278964 -0.382683
v 0.000000 0.186554 -0.555570
v 0.000000 0.062192 -0.707107
v 0.000000 -0.089345 -0.831469
v -0.000000 -0.262232 -0.923879
v 0.000000 -0.449825 -0.980785
v 0.000000 -0.644915 -0.999999
v 0.000000 -0.840005 -0.980785
v -0.000000 -1.027599 -0.923879
v 0.000000 -1.200485 -0.831469
v 0.000000 -1.352022 -0.707107
v 0.000000 -1.476385 -0.555570
v 0.000000 -1.568794 -0.382683
v 0.000000 -1.625700 -0.195090
v 0.038060 0.335870 -0.191342
v 0.074658 0.278964 -0.375330
v 0.108386 0.186554 -0.544895
v 0.137950 0.062192 -0.693520
v 0.162212 -0.089345 -0.815493
v 0.180240 -0.262232 -0.906127
v 0.191342 -0.449825 -0.961939
v 0.195091 -0.644915 -0.980785
v 0.191342 -0.840005 -0.961939
v 0.180240 -1.027599 -0.906127
v 0.162212 -1.200485 -0.815493
v 0.137950 -1.352022 -0.693520
v 0.108386 -1.476385 -0.544895
v 0.074658 -1.568794 -0.375330
v 0.038060 -1.625700 -0.191342
v 0.074658 0.335870 -0.180240
v 0.146447 0.278964 -0.353553
v 0.212608 0.186554 -0.513280
v 0.270598 0.062192 -0.653281
v 0.318190 -0.089345 -0.768177
v 0.353553 -0.262232 -0.853553
v 0.375330 -0.449825 -0.906127
v 0.382683 -0.644915 -0.923879
v 0.375330 -0.840005 -0.906127
v 0.353553 -1.027599 -0.853553
v 0.318190 -1.200485 -0.768177
v 0.270598 -1.352022 -0.653281
v 0.212608 -1.476385 -0.513280
v 0.146447 -1.568794 -0.353553
v 0.074658 -1.625700 -0.180240
v 0.108386 0.335870 -0.162212
v 0.212608 0.278964 -0.318190
v 0.308658 0.186554 -0.461939
v 0.392847 0.062192 -0.587938
v 0.461940 -0.089345 -0.691341
v 0.513280 -0.262232 -0.768178
v 0.544895 -0.449825 -0.815493
v 0.555570 -0.644915 -0.831469
v 0.544895 -0.840005 -0.815493
v 0.513280 -1.027599 -0.768178
v 0.461940 -1.200485 -0.691341
v 0.392847 -1.352022 -0.587938
v 0.308658 -1.476385 -0.461939
v 0.212608 -1.568794 -0.318190
v 0.108386 -1.625700 -0.162212
v 0.137950 0.335870 -0.137950
v 0.270598 0.278964 -0.270598
v 0.392847 0.186554 -0.392847
v 0.500000 0.062192 -0.500000
v 0.587938 -0.089345 -0.587937
v 0.653281 -0.262232 -0.653281
v 0.693520 -0.449825 -0.693520
v 0.707106 -0.644915 -0.707106
v 0.693520 -0.840005 -0.693520
v 0.653281 -1.027599 -0.653281
v 0.587938 -1.200485 -0.587937
v 0.500000 -1.352022 -0.500000
v 0.392847 -1.476385 -0.392847
v 0.270598 -1.568794 -0.270598
v 0.137950 -1.625700 -0.137950
v 0.000000 -1.644915 0.000000
v 0.162212 0.335870 -0.108386
v 0.318190 0.278964 -0.212607
v 0.461940 0.186554 -0.308658
v 0.587938 0.062192 -0.392847
v 0.691341 -0.089345 -0.461939
v 0.768177 -0.262232 -0.513280
v 0.815493 -0.449825 -0.544895
v 0.831469 -0.644915 -0.555569
v 0.815493 -0.840005 -0.544895
v 0.768177 -1.027599 -0.513280
v 0.691341 -1.200485 -0.461939
v 0.587938 -1.352022 -0.392847
v 0.461940 -1.476385 -0.308658
v 0.318190 -1.568794 -0.212607
v 0.162212 -1.625700 -0.108386
v 0.180240 0.335870 -0.074658
v 0.353553 0.278964 -0.146447
v 0.513280 0.186554 -0.212607
v 0.653281 0.062192 -0.270598
v 0.768177 -0.089345 -0.318189
v 0.853553 -0.262232 -0.353553
v 0.906127 -0.449825 -0.375330
v 0.923879 -0.644915 -0.382683
v 0.906127 -0.840005 -0.375330
v 0.853553 -1.027599 -0.353553
v 0.768177 -1.200485 -0.318189
v 0.653281 -1.352022 -0.270598
v 0.513280 -1.476385 -0.212607
v 0.353553 -1.568794 -0.146447
v 0.180240 -1.625700 -0.074658
v 0.191342 0.335870 -0.038060
v 0.375330 0.278964 -0.074658
v 0.544895 0.186554 -0.108386
v 0.693520 0.062192 -0.137950
v 0.815493 -0.089345 -0.162211
v 0.906127 -0.262232 -0.180240
v 0.961939 -0.449825 -0.191341
v 0.980784 -0.644915 -0.195090
v 0.961939 -0.840005 -0.191341
v 0.906127 -1.027599 -0.180240
v 0.815493 -1.200485 -0.162211
v 0.693520 -1.352022 -0.137950
v 0.544895 -1.476385 -0.108386
v 0.375330 -1.568794 -0.074658
v 0.191342 -1.625700 -0.038060
v 0.195090 0.335870 0.000000
v 0.382683 0.278964 0.000000
v 0.555570 0.186554 0.000000
v 0.707107 0.062192 0.000000
v 0.831469 -0.089345 0.000000
v 0.923879 -0.262232 0.000000
v 0.980785 -0.449825 0.000000
v 0.999999 -0.644915 0.000000
v 0.980785 -0.840005 0.000000
v 0.923879 -1.027599 0.000000
v 0.831469 -1.200485 0.000000
v 0.707107 -1.352022 0.000000
v 0.555570 -1.476385 0.000000
v 0.382683 -1.568794 0.000000
v 0.195090 -1.625700 0.000000
v 0.191342 0.335870 0.038060
v 0.375330 0.278964 0.074658
v 0.544895 0.186554 0.108386
v 0.693520 0.062192 0.137950
v 0.815493 -0.089345 0.162212
v 0.906127 -0.262232 0.180240
v 0.961939 -0.449825 0.191342
v 0.980784 -0.644915 0.195091
v 0.961939 -0.840005 0.191342
v 0.906127 -1.027599 0.180240
v 0.815493 -1.200485 0.162212
v 0.693520 -1.352022 0.137950
v 0.544895 -1.476385 0.108386
v 0.375330 -1.568794 0.074658
v 0.191342 -1.625700 0.038060
v 0.180240 0.335870 0.074658
v 0.353553 0.278964 0.146447
v 0.513279 0.186554 0.212607
v 0.653281 0.062192 0.270598
v 0.768177 -0.089345 0.318190
v 0.853553 -0.262232 0.353553
v 0.906127 -0.449825 0.375330
v 0.923878 -0.644915 0.382683
v 0.906127 -0.840005 0.375330
v 0.853553 -1.027599 0.353553
v 0.768177 -1.200485 0.318190
v 0.653281 -1.352022 0.270598
v 0.513279 -1.476385 0.212607
v 0.353553 -1.568794 0.146447
v 0.180240 -1.625700 0.074658
v 0.162212 0.335870 0.108386
v 0.318189 0.278964 0.212607
v 0.461939 0.186554 0.308658
v 0.587938 0.062192 0.392847
v 0.691341 -0.089345 0.461940
v 0.768177 -0.262232 0.513280
v 0.815493 -0.449825 0.544895
v 0.831468 -0.644915 0.555570
v 0.815493 -0.840005 0.544895
v 0.768177 -1.027599 0.513280
v 0.691341 -1.200485 0.461940
v 0.587938 -1.352022 0.392847
v 0.461939 -1.476385 0.308658
v 0.318189 -1.568794 0.212607
v 0.162212 -1.625700 0.108386
v 0.137950 0.335870 0.137950
v 0.270598 0.278964 0.270598
v 0.392847 0.186554 0.392847
v 0.500000 0.062192 0.500000
v 0.587937 -0.089345 0.587938
v 0.653281 -0.262232 0.653281
v 0.693519 -0.449825 0.693520
v 0.707106 -0.644915 0.707106
v 0.693519 -0.840005 0.693520
v 0.653281 -1.027599 0.653281
v 0.587937 -1.200485 0.587938
v 0.500000 -1.352022 0.500000
v 0.392847 -1.476385 0.392847
v 0.270598 -1.568794 0.270598
v 0.137950 -1.625700 0.137950
v 0.108386 0.335870 0.162212
v 0.212607 0.278964 0.318190
v 0.308658 0.186554 0.461939
v 0.392847 0.062192 0.587938
v 0.461939 -0.089345 0.691341
v 0.513280 -0.262232 0.768177
v 0.544895 -0.449825 0.815493
v 0.555569 -0.644915 0.831469
v 0.544895 -0.840005 0.815493
v 0.513280 -1.027599 0.768177
v 0.461939 -1.200485 0.691341
v 0.392847 -1.352022 0.587938
v 0.308658 -1.476385 0.461939
v 0.212607 -1.568794 0.318190
v 0.108386 -1.625700 0.162212
v 0.074658 0.335870 0.180240
v 0.146446 0.278964 0.353553
v 0.212607 0.186554 0.513279
v 0.270598 0.062192 0.653281
v 0.318189 -0.089345 0.768177
v 0.353553 -0.262232 0.853553
v 0.375330 -0.449825 0.906127
v 0.382683 -0.644915 0.923879
v 0.375330 -0.840005 0.906127
v 0.353553 -1.027599 0.853553
v 0.318189 -1.200485 0.768177
v 0.270598 -1.352022 0.653281
v 0.212607 -1.476385 0.513279
v 0.146446 -1.568794 0.353553
v 0.074658 -1.625700 0.180240
v 0.038060 0.335870 0.191342
v 0.074658 0.278964 0.375330
v 0.108386 0.186554 0.544895
v 0.137950 0.062192 0.693520
v 0.162211 -0.089345 0.815493
v 0.180240 -0.262232 0.906127
v 0.191341 -0.449825 0.961939
v 0.195090 -0.644915 0.980784
v 0.191341 -0.840005 0.961939
v 0.180240 -1.027599 0.906127
v 0.162211 -1.200485 0.815493
v 0.137950 -1.352022 0.693520
v 0.108386 -1.476385 0.544895
v 0.074658 -1.568794 0.375330
v 0.038060 -1.625700 0.191342
v -0.000000 0.335870 0.195090
v -0.000000 0.278964 0.382683
v -0.000000 0.062192 0.707107
v -0.000000 -0.262232 0.923879
v -0.000000 -1.027599 0.923879
v -0.000000 -1.352022 0.707107
v -0.000000 -1.476385 0.555570
v -0.000000 -1.568794 0.382683
v -0.000000 -1.625700 0.195090
vn -0.0286 0.9565 0.2902
vn -0.0938 -0.2890 0.9527
vn -0.0464 0.8810 0.4709
vn -0.0865 -0.4696 0.8786
vn -0.0624 0.7715 0.6332
vn -0.0759 -0.6326 0.7708
vn -0.0759 0.6326 0.7708
vn -0.0624 -0.7715 0.6332
vn -0.0865 0.4696 0.8786
vn -0.0464 -0.8810 0.4709
vn -0.0938 0.2890 0.9527
vn -0.0286 -0.9565 0.2902
vn -0.0975 0.0975 0.9904
vn -0.0097 0.9951 0.0980
vn -0.0097 -0.9951 0.0980
vn -0.0975 -0.0976 0.9904
vn -0.0286 0.9951 0.0942
vn -0.0286 -0.9951 0.0942
vn -0.2889 -0.0976 0.9524
vn -0.0846 0.9565 0.2790
vn -0.2779 -0.2890 0.9161
vn -0.1374 0.8810 0.4528
vn -0.2563 -0.4696 0.8448
vn -0.1847 0.7715 0.6088
vn -0.2248 -0.6326 0.7412
vn -0.2248 0.6326 0.7412
vn -0.1847 -0.7715 0.6088
vn -0.2563 0.4696 0.8448
vn -0.1374 -0.8810 0.4528
vn -0.2779 0.2890 0.9161
vn -0.0846 -0.9565 0.2790
vn -0.2889 0.0976 0.9524
vn -0.3651 0.6326 0.6831
vn -0.2999 -0.7715 0.5611
vn -0.4162 0.4696 0.7786
vn -0.2230 -0.8810 0.4173
vn -0.4513 0.2890 0.8443
vn -0.1374 -0.9565 0.2571
vn -0.4691 0.0975 0.8777
vn -0.0464 0.9951 0.0869
vn -0.0464 -0.9951 0.0869
vn -0.4691 -0.0975 0.8777
vn -0.1374 0.9565 0.2571
vn -0.4513 -0.2890 0.8443
vn -0.2231 0.8810 0.4173
vn -0.4162 -0.4696 0.7786
vn -0.2999 0.7715 0.5611
vn -0.3651 -0.6326 0.6831
vn -0.6314 -0.0975 0.7693
vn -0.1850 0.9565 0.2254
vn -0.6073 -0.2890 0.7400
vn -0.3002 0.8810 0.3658
vn -0.5601 -0.4696 0.6825
vn -0.4036 0.7715 0.4918
vn -0.4913 -0.6326 0.5987
vn -0.4913 0.6326 0.5987
vn -0.4036 -0.7715 0.4918
vn -0.5601 0.4696 0.6825
vn -0.3002 -0.8810 0.3658
vn -0.6073 0.2890 0.7400
vn -0.1850 -0.9565 0.2254
vn -0.6314 0.0975 0.7693
vn -0.0625 0.9951 0.0761
vn -0.0625 -0.9951 0.0761
vn -0.4918 -0.7715 0.4036
vn -0.6825 0.4696 0.5601
vn -0.3658 -0.8810 0.3002
vn -0.7400 0.2890 0.6073
vn -0.2254 -0.9566 0.1850
vn -0.7693 0.0975 0.6314
vn -0.0761 0.9951 0.0625
vn -0.0761 -0.9951 0.0625
vn -0.7693 -0.0975 0.6314
vn -0.2254 0.9565 0.1850
vn -0.7400 -0.2890 0.6073
vn -0.3658 0.8810 0.3002
vn -0.6825 -0.4696 0.5601
vn -0.4918 0.7715 0.4036
vn -0.5987 -0.6326 0.4913
vn -0.5987 0.6326 0.4913
vn -0.2571 0.9565 0.1374
vn -0.8443 -0.2890 0.4513
vn -0.4173 0.8810 0.2230
vn -0.7786 -0.4696 0.4162
vn -0.5611 0.7715 0.2999
vn -0.6831 -0.6326 0.3651
vn -0.6831 0.6326 0.3651
vn -0.5611 -0.7715 0.2999
vn -0.7786 0.4696 0.4162
vn -0.4173 -0.8810 0.2230
vn -0.8443 0.2890 0.4513
vn -0.2571 -0.9565 0.1374
vn -0.8777 0.0975 0.4691
vn -0.0869 0.9951 0.0464
vn -0.0869 -0.9951 0.0464
vn -0.8777 -0.0975 0.4691
vn -0.8448 0.4696 0.2563
vn -0.4528 -0.8810 0.1374
vn -0.9161 0.2890 0.2779
vn -0.2790 -0.9565 0.0846
vn -0.9524 0.0975 0.2889
vn -0.0942 0.9951 0.0286
vn -0.0942 -0.9951 0.0286
vn -0.9524 -0.0975 0.2889
vn -0.2790 0.9565 0.0846
vn -0.9161 -0.2890 0.2779
vn -0.4528 0.8810 0.1374
vn -0.8448 -0.4696 0.2563
vn -0.6088 0.7715 0.1847
vn -0.7412 -0.6326 0.2248
vn -0.7412 0.6326 0.2248
vn -0.6088 -0.7715 0.1847
vn -0.9527 -0.2890 0.0938
vn -0.4709 0.8810 0.0464
vn -0.8786 -0.4696 0.0865
vn -0.6332 0.7715 0.0624
vn -0.7708 -0.6326 0.0759
vn -0.7708 0.6326 0.0759
vn -0.6332 -0.7715 0.0624
vn -0.8786 0.4696 0.0865
vn -0.4709 -0.8810 0.0464
vn -0.9527 0.2890 0.0938
vn -0.2902 -0.9565 0.0286
vn -0.9904 0.0975 0.0975
vn -0.0980 0.9951 0.0097
vn -0.0980 -0.9951 0.0097
vn -0.9904 -0.0975 0.0975
vn -0.2902 0.9565 0.0286
vn -0.4709 -0.8810 -0.0464
vn -0.9527 0.2890 -0.0938
vn -0.2902 -0.9565 -0.0286
vn -0.9904 0.0975 -0.0976
vn -0.0980 0.9951 -0.0097
vn -0.0980 -0.9951 -0.0097
vn -0.9904 -0.0975 -0.0976
vn -0.2902 0.9565 -0.0286
vn -0.9527 -0.2890 -0.0938
vn -0.4709 0.8810 -0.0464
vn -0.8786 -0.4696 -0.0865
vn -0.6332 0.7715 -0.0624
vn -0.7708 -0.6326 -0.0759
vn -0.7708 0.6326 -0.0759
vn -0.6332 -0.7715 -0.0624
vn -0.8786 0.4696 -0.0865
vn -0.8448 -0.4696 -0.2563
vn -0.6088 0.7715 -0.1847
vn -0.7412 -0.6326 -0.2248
vn -0.7412 0.6326 -0.2248
vn -0.6088 -0.7715 -0.1847
vn -0.8448 0.4696 -0.2563
vn -0.4528 -0.8810 -0.1374
vn -0.9161 0.2890 -0.2779
vn -0.2790 -0.9565 -0.0846
vn -0.9524 0.0975 -0.2889
vn -0.0942 0.9951 -0.0286
vn -0.0942 -0.9951 -0.0286
vn -0.9524 -0.0975 -0.2889
vn -0.2790 0.9565 -0.0846
vn -0.9161 -0.2890 -0.2779
vn -0.4528 0.8810 -0.1374
vn -0.2571 -0.9565 -0.1374
vn -0.8777 0.0975 -0.4691
vn -0.0869 0.9951 -0.0464
vn -0.0869 -0.9951 -0.0464
vn -0.8777 -0.0975 -0.4691
vn -0.2571 0.9565 -0.1374
vn -0.8443 -0.2890 -0.4513
vn -0.4173 0.8810 -0.2231
vn -0.7786 -0.4696 -0.4162
vn -0.5611 0.7715 -0.2999
vn -0.6831 -0.6326 -0.3651
vn -0.6831 0.6326 -0.3651
vn -0.5611 -0.7715 -0.2999
vn -0.7786 0.4696 -0.4162
vn -0.4173 -0.8810 -0.2230
vn -0.8443 0.2890 -0.4513
vn -0.4918 0.7715 -0.4036
vn -0.5987 -0.6326 -0.4913
vn -0.5987 0.6326 -0.4913
vn -0.4918 -0.7715 -0.4036
vn -0.6825 0.4696 -0.5601
vn -0.3658 -0.8810 -0.3002
vn -0.7400 0.2890 -0.6073
vn -0.2254 -0.9565 -0.1850
vn -0.7693 0.0975 -0.6314
vn -0.0761 0.9951 -0.0625
vn -0.0761 -0.9951 -0.0625
vn -0.7693 -0.0975 -0.6314
vn -0.2254 0.9565 -0.1850
vn -0.7400 -0.2890 -0.6073
vn -0.3658 0.8810 -0.3002
vn -0.6825 -0.4696 -0.5601
vn -0.6314 0.0975 -0.7693
vn -0.0625 0.9951 -0.0761
vn -0.0625 -0.9951 -0.0761
vn -0.6314 -0.0975 -0.7693
vn -0.1850 0.9565 -0.2254
vn -0.6073 -0.2890 -0.7400
vn -0.3002 0.8810 -0.3658
vn -0.5601 -0.4696 -0.6825
vn -0.4036 0.7715 -0.4918
vn -0.4913 -0.6326 -0.5987
vn -0.4913 0.6326 -0.5987
vn -0.4036 -0.7715 -0.4918
vn -0.5601 0.4696 -0.6825
vn -0.3002 -0.8810 -0.3658
vn -0.6073 0.2890 -0.7400
vn -0.1850 -0.9565 -0.2254
vn -0.3651 -0.6326 -0.6831
vn -0.3651 0.6326 -0.6831
vn -0.2999 -0.7715 -0.5611
vn -0.4162 0.4696 -0.7786
vn -0.2230 -0.8810 -0.4173
vn -0.4513 0.2890 -0.8443
vn -0.1374 -0.9565 -0.2571
vn -0.4691 0.0975 -0.8777
vn -0.0464 0.9951 -0.0869
vn -0.0464 -0.9951 -0.0869
vn -0.4691 -0.0975 -0.8777
vn -0.1374 0.9565 -0.2571
vn -0.4513 -0.2890 -0.8443
vn -0.2230 0.8810 -0.4173
vn -0.4162 -0.4696 -0.7786
vn -0.2999 0.7715 -0.5611
vn -0.0286 0.9951 -0.0942
vn -0.0286 -0.9951 -0.0942
vn -0.2889 -0.0975 -0.9524
vn -0.0846 0.9565 -0.2790
vn -0.2779 -0.2890 -0.9161
vn -0.1374 0.8810 -0.4528
vn -0.2563 -0.4696 -0.8448
vn -0.1847 0.7715 -0.6088
vn -0.2248 -0.6326 -0.7412
vn -0.2248 0.6326 -0.7412
vn -0.1847 -0.7715 -0.6088
vn -0.2563 0.4696 -0.8448
vn -0.1374 -0.8810 -0.4528
vn -0.2779 0.2890 -0.9161
vn -0.0846 -0.9565 -0.2790
vn -0.2889 0.0975 -0.9524
vn -0.0759 0.6326 -0.7708
vn -0.0624 -0.7715 -0.6332
vn -0.0865 0.4696 -0.8786
vn -0.0464 -0.8810 -0.4709
vn -0.0938 0.2890 -0.9527
vn -0.0286 -0.9565 -0.2902
vn -0.0975 0.0975 -0.9904
vn -0.0097 0.9951 -0.0980
vn -0.0097 -0.9951 -0.0980
vn -0.0975 -0.0975 -0.9904
vn -0.0286 0.9565 -0.2902
vn -0.0938 -0.2890 -0.9527
vn -0.0464 0.8810 -0.4709
vn -0.0865 -0.4696 -0.8786
vn -0.0624 0.7715 -0.6332
vn -0.0759 -0.6326 -0.7708
vn 0.0975 -0.0975 -0.9904
vn 0.0286 0.9565 -0.2902
vn 0.0938 -0.2890 -0.9527
vn 0.0464 0.8810 -0.4709
vn 0.0865 -0.4696 -0.8786
vn 0.0624 0.7715 -0.6332
vn 0.0759 -0.6326 -0.7708
vn 0.0759 0.6326 -0.7708
vn 0.0624 -0.7715 -0.6332
vn 0.0865 0.4696 -0.8786
vn 0.0464 -0.8810 -0.4709
vn 0.0938 0.2890 -0.9527
vn 0.0286 -0.9565 -0.2902
vn 0.0976 0.0975 -0.9904
vn 0.0097 0.9951 -0.0980
vn 0.0097 -0.9951 -0.0980
vn 0.1847 -0.7715 -0.6088
vn 0.2563 0.4696 -0.8448
vn 0.1374 -0.8810 -0.4528
vn 0.2779 0.2890 -0.9161
vn 0.0846 -0.9565 -0.2790
vn 0.2889 0.0975 -0.9524
vn 0.0286 0.9951 -0.0942
vn 0.0286 -0.9951 -0.0942
vn 0.2889 -0.0975 -0.9524
vn 0.0846 0.9565 -0.2790
vn 0.2779 -0.2890 -0.9161
vn 0.1374 0.8810 -0.4528
vn 0.2563 -0.4696 -0.8448
vn 0.1847 0.7715 -0.6088
vn 0.2248 -0.6326 -0.7412
vn 0.2248 0.6326 -0.7412
vn 0.4513 -0.2890 -0.8443
vn 0.2230 0.8810 -0.4173
vn 0.4162 -0.4696 -0.7786
vn 0.2999 0.7715 -0.5611
vn 0.3651 -0.6326 -0.6831
vn 0.3651 0.6326 -0.6831
vn 0.2999 -0.7715 -0.5611
vn 0.4162 0.4696 -0.7786
vn 0.2230 -0.8810 -0.4173
vn 0.4513 0.2890 -0.8443
vn 0.1374 -0.9565 -0.2571
vn 0.4691 0.0975 -0.8777
vn 0.0464 0.9951 -0.0869
vn 0.0464 -0.9951 -0.0869
vn 0.4691 -0.0975 -0.8777
vn 0.1374 0.9565 -0.2571
vn 0.3002 -0.8810 -0.3658
vn 0.6073 0.2890 -0.7400
vn 0.1850 -0.9565 -0.2254
vn 0.6314 0.0975 -0.7693
vn 0.0625 0.9951 -0.0761
vn 0.0625 -0.9951 -0.0761
vn 0.6314 -0.0975 -0.7693
vn 0.1850 0.9565 -0.2254
vn 0.6073 -0.2890 -0.7400
vn 0.3002 0.8810 -0.3658
vn 0.5601 -0.4696 -0.6825
vn 0.4036 0.7715 -0.4918
vn 0.4913 -0.6326 -0.5987
vn 0.4913 0.6326 -0.5987
vn 0.4036 -0.7715 -0.4918
vn 0.5601 0.4696 -0.6825
vn 0.3658 0.8810 -0.3002
vn 0.6825 -0.4696 -0.5601
vn 0.4918 0.7715 -0.4036
vn 0.5987 -0.6326 -0.4913
vn 0.5987 0.6326 -0.4913
vn 0.4918 -0.7715 -0.4036
vn 0.6825 0.4696 -0.5601
vn 0.3658 -0.8810 -0.3002
vn 0.7400 0.2890 -0.6073
vn 0.2254 -0.9566 -0.1850
vn 0.7693 0.0975 -0.6314
vn 0.0761 0.9951 -0.0625
vn 0.0761 -0.9951 -0.0625
vn 0.7693 -0.0975 -0.6314
vn 0.2254 0.9565 -0.1850
vn 0.7400 -0.2890 -0.6073
vn 0.8443 0.2890 -0.4513
vn 0.2571 -0.9565 -0.1374
vn 0.8777 0.0975 -0.4691
vn 0.0869 0.9951 -0.0464
vn 0.0869 -0.9951 -0.0464
vn 0.8777 -0.0975 -0.4691
vn 0.2571 0.9565 -0.1374
vn 0.8443 -0.2890 -0.4513
vn 0.4173 0.8810 -0.2230
vn 0.7786 -0.4696 -0.4162
vn 0.5611 0.7715 -0.2999
vn 0.6831 -0.6326 -0.3651
vn 0.6831 0.6326 -0.3651
vn 0.5611 -0.7715 -0.2999
vn 0.7786 0.4696 -0.4162
vn 0.4173 -0.8810 -0.2231
vn 0.8448 -0.4696 -0.2563
vn 0.6088 0.7715 -0.1847
vn 0.7412 -0.6326 -0.2248
vn 0.7412 0.6326 -0.2248
vn 0.6088 -0.7715 -0.1847
vn 0.8448 0.4696 -0.2563
vn 0.4528 -0.8810 -0.1374
vn 0.9161 0.2890 -0.2779
vn 0.2790 -0.9565 -0.0846
vn 0.9524 0.0975 -0.2889
vn 0.0942 0.9951 -0.0286
vn 0.0942 -0.9951 -0.0286
vn 0.9524 -0.0975 -0.2889
vn 0.2790 0.9565 -0.0846
vn 0.9161 -0.2890 -0.2779
vn 0.4528 0.8810 -0.1374
vn 0.2902 -0.9565 -0.0286
vn 0.9904 0.0975 -0.0975
vn 0.0980 0.9951 -0.0097
vn 0.0980 -0.9951 -0.0097
vn 0.9904 -0.0975 -0.0976
vn 0.2902 0.9565 -0.0286
vn 0.9527 -0.2890 -0.0938
vn 0.4709 0.8810 -0.0464
vn 0.8786 -0.4696 -0.0865
vn 0.6332 0.7715 -0.0624
vn 0.7708 -0.6326 -0.0759
vn 0.7708 0.6326 -0.0759
vn 0.6332 -0.7715 -0.0624
vn 0.8786 0.4696 -0.0865
vn 0.4709 -0.8810 -0.0464
vn 0.9527 0.2890 -0.0938
vn 0.6332 0.7715 0.0624
vn 0.7708 -0.6326 0.0759
vn 0.7708 0.6326 0.0759
vn 0.6332 -0.7715 0.0624
vn 0.8786 0.4696 0.0865
vn 0.4709 -0.8810 0.0464
vn 0.9527 0.2890 0.0938
vn 0.2902 -0.9565 0.0286
vn 0.9904 0.0975 0.0975
vn 0.0980 0.9951 0.0097
vn 0.0980 -0.9951 0.0097
vn 0.9904 -0.0975 0.0976
vn 0.2902 0.9565 0.0286
vn 0.9527 -0.2890 0.0938
vn 0.4709 0.8810 0.0464
vn 0.8786 -0.4696 0.0865
vn 0.9524 0.0975 0.2889
vn 0.0942 0.9951 0.0286
vn 0.0942 -0.9951 0.0286
vn 0.9524 -0.0975 0.2889
vn 0.2790 0.9565 0.0846
vn 0.9161 -0.2890 0.2779
vn 0.4528 0.8810 0.1374
vn 0.8448 -0.4696 0.2563
vn 0.6088 0.7715 0.1847
vn 0.7412 -0.6326 0.2248
vn 0.7412 0.6326 0.2248
vn 0.6088 -0.7715 0.1847
vn 0.8448 0.4696 0.2563
vn 0.4528 -0.8810 0.1374
vn 0.9161 0.2890 0.2779
vn 0.2790 -0.9565 0.0846
vn 0.6831 -0.6326 0.3651
vn 0.6831 0.6326 0.3651
vn 0.5611 -0.7715 0.2999
vn 0.7786 0.4696 0.4162
vn 0.4173 -0.8810 0.2231
vn 0.8443 0.2890 0.4513
vn 0.2571 -0.9565 0.1374
vn 0.8777 0.0975 0.4691
vn 0.0869 0.9951 0.0464
vn 0.0869 -0.9951 0.0464
vn 0.8777 -0.0975 0.4691
vn 0.2571 0.9565 0.1374
vn 0.8443 -0.2890 0.4513
vn 0.4173 0.8810 0.2231
vn 0.7786 -0.4696 0.4162
vn 0.5611 0.7715 0.2999
vn 0.0761 -0.9951 0.0625
vn 0.7693 -0.0975 0.6314
vn 0.2254 0.9565 0.1850
vn 0.7400 -0.2890 0.6073
vn 0.3658 0.8810 0.3002
vn 0.6825 -0.4696 0.5601
vn 0.4918 0.7715 0.4036
vn 0.5987 -0.6326 0.4913
vn 0.5987 0.6326 0.4913
vn 0.4918 -0.7715 0.4036
vn 0.6825 0.4696 0.5601
vn 0.3658 -0.8810 0.3002
vn 0.7400 0.2890 0.6073
vn 0.2254 -0.9565 0.1850
vn 0.7693 0.0975 0.6314
vn 0.0761 0.9951 0.0625
vn 0.4036 -0.7715 0.4918
vn 0.5601 0.4696 0.6825
vn 0.3002 -0.8810 0.3658
vn 0.6073 0.2890 0.7400
vn 0.1850 -0.9565 0.2254
vn 0.6314 0.0975 0.7693
vn 0.0625 0.9951 0.0761
vn 0.0625 -0.9951 0.0761
vn 0.6314 -0.0975 0.7693
vn 0.1850 0.9565 0.2254
vn 0.6073 -0.2890 0.7400
vn 0.3002 0.8810 0.3658
vn 0.5601 -0.4696 0.6825
vn 0.4036 0.7715 0.4918
vn 0.4913 -0.6326 0.5987
vn 0.4913 0.6326 0.5987
vn 0.1374 0.9565 0.2571
vn 0.4513 -0.2890 0.8443
vn 0.2230 0.8810 0.4173
vn 0.4162 -0.4696 0.7786
vn 0.2999 0.7715 0.5611
vn 0.3651 -0.6326 0.6831
vn 0.3651 0.6326 0.6831
vn 0.2999 -0.7715 0.5611
vn 0.4162 0.4696 0.7786
vn 0.2230 -0.8810 0.4173
vn 0.4513 0.2890 0.8443
vn 0.1374 -0.9565 0.2571
vn 0.4691 0.0975 0.8777
vn 0.0464 0.9951 0.0869
vn 0.0464 -0.9951 0.0869
vn 0.4691 -0.0975 0.8777
vn 0.2563 0.4696 0.8448
vn 0.1374 -0.8810 0.4528
vn 0.2779 0.2890 0.9161
vn 0.0846 -0.9565 0.2790
vn 0.2889 0.0975 0.9524
vn 0.0286 0.9951 0.0942
vn 0.0286 -0.9951 0.0942
vn 0.2889 -0.0975 0.9524
vn 0.0846 0.9565 0.2790
vn 0.2779 -0.2890 0.9161
vn 0.1374 0.8810 0.4528
vn 0.2563 -0.4696 0.8448
vn 0.1847 0.7715 0.6088
vn 0.2248 -0.6326 0.7412
vn 0.2248 0.6326 0.7412
vn 0.1847 -0.7715 0.6088
vn 0.0938 -0.2890 0.9527
vn 0.0464 0.8810 0.4709
vn 0.0865 -0.4696 0.8786
vn 0.0624 0.7715 0.6332
vn 0.0759 -0.6326 0.7708
vn 0.0759 0.6326 0.7708
vn 0.0624 -0.7715 0.6332
vn 0.0865 0.4696 0.8786
vn 0.0464 -0.8810 0.4709
vn 0.0938 0.2890 0.9527
vn 0.0286 -0.9565 0.2902
vn 0.0976 0.0975 0.9904
vn 0.0097 0.9951 0.0980
vn 0.0097 -0.9951 0.0980
vn 0.0976 -0.0975 0.9904
vn 0.0286 0.9565 0.2902
vn -0.0980 -0.0000 0.9952
vn -0.2903 -0.0000 0.9569
vn -0.4714 -0.0000 0.8819
vn -0.6344 -0.0000 0.7730
vn -0.7730 -0.0000 0.6344
vn -0.8819 -0.0000 0.4714
vn -0.9569 -0.0000 0.2903
vn -0.9952 -0.0000 0.0980
vn -0.9952 -0.0000 -0.0980
vn -0.9569 -0.0000 -0.2903
vn -0.8819 -0.0000 -0.4714
vn -0.7730 -0.0000 -0.6344
vn -0.6344 -0.0000 -0.7730
vn -0.4714 -0.0000 -0.8819
vn -0.2903 -0.0000 -0.9569
vn -0.0980 -0.0000 -0.9952
vn 0.0980 -0.0000 -0.9952
vn 0.2903 -0.0000 -0.9569
vn 0.4714 -0.0000 -0.8819
vn 0.6344 -0.0000 -0.7730
vn 0.7730 -0.0000 -0.6344
vn 0.8819 -0.0000 -0.4714
vn 0.9569 -0.0000 -0.2903
vn 0.9952 -0.0000 -0.0980
vn 0.9952 -0.0000 0.0980
vn 0.9569 -0.0000 0.2903
vn 0.8819 -0.0000 0.4714
vn 0.7730 -0.0000 0.6344
vn 0.6344 -0.0000 0.7730
vn 0.4714 -0.0000 0.8819
vn -0.0000 1.0000 -0.0000
vn 0.2903 -0.0000 0.9569
vn 0.0980 -0.0000 0.9952
vn -0.0000 -1.0000 -0.0000
vn -0.2231 -0.8810 0.4173
vn -0.1850 -0.9566 0.2254
vn -0.2254 -0.9565 0.1850
vn -0.4173 -0.8810 0.2231
vn -0.1375 -0.9565 -0.2571
vn -0.0846 -0.9566 -0.2790
vn 0.2231 0.8810 -0.4173
vn 0.1850 -0.9566 -0.2254
vn 0.2254 -0.9565 -0.1850
vn 0.4173 -0.8810 -0.2230
vn 0.0846 -0.9566 0.2790
vn -0.0975 0.0976 0.9904
vn -0.0975 -0.0975 0.9904
vn -0.2230 0.8810 0.4173
vn -0.4173 0.8810 -0.2230
vn -0.4173 -0.8810 -0.2231
vn -0.2231 -0.8810 -0.4173
vn 0.0976 -0.0975 -0.9904
vn 0.0975 0.0975 -0.9904
vn 0.2231 -0.8810 -0.4173
vn 0.9904 0.0975 -0.0976
vn 0.9904 -0.0975 -0.0975
vn 0.9904 0.0975 0.0976
vn 0.9904 -0.0975 0.0975
vn -0.2790 -0.9566 0.0846
vn 0.2571 -0.9566 0.1374
vn 0.2231 0.8810 0.4173
vt 0.750000 0.875000
vt 0.718750 0.937500
vt 0.718750 0.875000
vt 0.750000 0.437500
vt 0.718750 0.375000
vt 0.750000 0.375000
vt 0.750000 0.812500
vt 0.718750 0.812500
vt 0.718750 0.312500
vt 0.750000 0.312500
vt 0.750000 0.750000
vt 0.718750 0.750000
vt 0.718750 0.250000
vt 0.750000 0.250000
vt 0.750000 0.687500
vt 0.718750 0.687500
vt 0.718750 0.187500
vt 0.750000 0.187500
vt 0.750000 0.625000
vt 0.718750 0.625000
vt 0.718750 0.125000
vt 0.750000 0.125000
vt 0.750000 0.562500
vt 0.718750 0.562500
vt 0.718750 0.062500
vt 0.750000 0.062500
vt 0.718750 0.500000
vt 0.750000 0.500000
vt 0.750000 0.937500
vt 0.734375 1.000000
vt 0.734375 0.000000
vt 0.718750 0.437500
vt 0.703125 1.000000
vt 0.687500 0.937500
vt 0.703125 0.000000
vt 0.687500 0.062500
vt 0.687500 0.437500
vt 0.687500 0.875000
vt 0.687500 0.375000
vt 0.687500 0.812500
vt 0.687500 0.312500
vt 0.687500 0.750000
vt 0.687500 0.250000
vt 0.687500 0.687500
vt 0.687500 0.187500
vt 0.687500 0.625000
vt 0.687500 0.125000
vt 0.687500 0.562500
vt 0.687500 0.500000
vt 0.656250 0.687500
vt 0.656250 0.250000
vt 0.656250 0.187500
vt 0.656250 0.625000
vt 0.656250 0.125000
vt 0.656250 0.562500
vt 0.656250 0.062500
vt 0.656250 0.500000
vt 0.671875 1.000000
vt 0.656250 0.937500
vt 0.671875 0.000000
vt 0.656250 0.437500
vt 0.656250 0.875000
vt 0.656250 0.375000
vt 0.656250 0.812500
vt 0.656250 0.312500
vt 0.656250 0.750000
vt 0.625000 0.437500
vt 0.625000 0.875000
vt 0.625000 0.375000
vt 0.625000 0.812500
vt 0.625000 0.312500
vt 0.625000 0.750000
vt 0.625000 0.250000
vt 0.625000 0.687500
vt 0.625000 0.187500
vt 0.625000 0.625000
vt 0.625000 0.125000
vt 0.625000 0.562500
vt 0.625000 0.062500
vt 0.625000 0.500000
vt 0.640625 1.000000
vt 0.625000 0.937500
vt 0.640625 0.000000
vt 0.593750 0.187500
vt 0.593750 0.625000
vt 0.593750 0.125000
vt 0.593750 0.562500
vt 0.593750 0.062500
vt 0.593750 0.500000
vt 0.609375 1.000000
vt 0.593750 0.937500
vt 0.609375 0.000000
vt 0.593750 0.437500
vt 0.593750 0.875000
vt 0.593750 0.375000
vt 0.593750 0.812500
vt 0.593750 0.312500
vt 0.593750 0.750000
vt 0.593750 0.250000
vt 0.593750 0.687500
vt 0.562500 0.875000
vt 0.562500 0.375000
vt 0.562500 0.812500
vt 0.562500 0.312500
vt 0.562500 0.750000
vt 0.562500 0.250000
vt 0.562500 0.687500
vt 0.562500 0.187500
vt 0.562500 0.625000
vt 0.562500 0.125000
vt 0.562500 0.562500
vt 0.562500 0.062500
vt 0.562500 0.500000
vt 0.578125 1.000000
vt 0.562500 0.937500
vt 0.578125 0.000000
vt 0.562500 0.437500
vt 0.531250 0.625000
vt 0.531250 0.187500
vt 0.531250 0.125000
vt 0.531250 0.562500
vt 0.531250 0.062500
vt 0.531250 0.500000
vt 0.546875 1.000000
vt 0.531250 0.937500
vt 0.546875 0.000000
vt 0.531250 0.437500
vt 0.531250 0.875000
vt 0.531250 0.375000
vt 0.531250 0.812500
vt 0.531250 0.312500
vt 0.531250 0.750000
vt 0.531250 0.250000
vt 0.531250 0.687500
vt 0.500000 0.375000
vt 0.500000 0.812500
vt 0.500000 0.312500
vt 0.500000 0.750000
vt 0.500000 0.250000
vt 0.500000 0.687500
vt 0.500000 0.187500
vt 0.500000 0.625000
vt 0.500000 0.125000
vt 0.500000 0.562500
vt 0.500000 0.062500
vt 0.500000 0.500000
vt 0.515625 1.000000
vt 0.500000 0.937500
vt 0.515625 0.000000
vt 0.500000 0.437500
vt 0.500000 0.875000
vt 0.468750 0.125000
vt 0.468750 0.625000
vt 0.468750 0.562500
vt 0.468750 0.062500
vt 0.468750 0.500000
vt 0.484375 1.000000
vt 0.468750 0.937500
vt 0.484375 0.000000
vt 0.468750 0.437500
vt 0.468750 0.875000
vt 0.468750 0.375000
vt 0.468750 0.812500
vt 0.468750 0.312500
vt 0.468750 0.750000
vt 0.468750 0.250000
vt 0.468750 0.687500
vt 0.468750 0.187500
vt 0.437500 0.375000
vt 0.437500 0.312500
vt 0.437500 0.750000
vt 0.437500 0.250000
vt 0.437500 0.687500
vt 0.437500 0.187500
vt 0.437500 0.625000
vt 0.437500 0.125000
vt 0.437500 0.562500
vt 0.437500 0.062500
vt 0.437500 0.500000
vt 0.453125 1.000000
vt 0.437500 0.937500
vt 0.453125 0.000000
vt 0.437500 0.437500
vt 0.437500 0.875000
vt 0.437500 0.812500
vt 0.406250 0.062500
vt 0.406250 0.562500
vt 0.406250 0.500000
vt 0.421875 1.000000
vt 0.406250 0.937500
vt 0.421875 0.000000
vt 0.406250 0.437500
vt 0.406250 0.875000
vt 0.406250 0.375000
vt 0.406250 0.812500
vt 0.406250 0.312500
vt 0.406250 0.750000
vt 0.406250 0.250000
vt 0.406250 0.687500
vt 0.406250 0.187500
vt 0.406250 0.625000
vt 0.406250 0.125000
vt 0.375000 0.750000
vt 0.375000 0.250000
vt 0.375000 0.687500
vt 0.375000 0.187500
vt 0.375000 0.625000
vt 0.375000 0.125000
vt 0.375000 0.562500
vt 0.375000 0.062500
vt 0.375000 0.500000
vt 0.390625 1.000000
vt 0.375000 0.937500
vt 0.390625 0.000000
vt 0.375000 0.437500
vt 0.375000 0.875000
vt 0.375000 0.375000
vt 0.375000 0.812500
vt 0.375000 0.312500
vt 0.343750 0.562500
vt 0.343750 0.500000
vt 0.359375 1.000000
vt 0.343750 0.937500
vt 0.359375 0.000000
vt 0.343750 0.062500
vt 0.343750 0.437500
vt 0.343750 0.875000
vt 0.343750 0.375000
vt 0.343750 0.812500
vt 0.343750 0.312500
vt 0.343750 0.750000
vt 0.343750 0.250000
vt 0.343750 0.687500
vt 0.343750 0.187500
vt 0.343750 0.625000
vt 0.343750 0.125000
vt 0.312500 0.250000
vt 0.312500 0.750000
vt 0.312500 0.687500
vt 0.312500 0.187500
vt 0.312500 0.625000
vt 0.312500 0.125000
vt 0.312500 0.562500
vt 0.312500 0.062500
vt 0.312500 0.500000
vt 0.328125 1.000000
vt 0.312500 0.937500
vt 0.328125 0.000000
vt 0.312500 0.437500
vt 0.312500 0.875000
vt 0.312500 0.375000
vt 0.312500 0.812500
vt 0.312500 0.312500
vt 0.296875 1.000000
vt 0.281250 0.937500
vt 0.296875 0.000000
vt 0.281250 0.062500
vt 0.281250 0.437500
vt 0.281250 0.875000
vt 0.281250 0.375000
vt 0.281250 0.812500
vt 0.281250 0.312500
vt 0.281250 0.750000
vt 0.281250 0.250000
vt 0.281250 0.687500
vt 0.281250 0.187500
vt 0.281250 0.625000
vt 0.281250 0.125000
vt 0.281250 0.562500
vt 0.281250 0.500000
vt 0.250000 0.750000
vt 0.250000 0.687500
vt 0.250000 0.250000
vt 0.250000 0.187500
vt 0.250000 0.625000
vt 0.250000 0.125000
vt 0.250000 0.562500
vt 0.250000 0.062500
vt 0.250000 0.500000
vt 0.265625 1.000000
vt 0.250000 0.937500
vt 0.265625 0.000000
vt 0.250000 0.437500
vt 0.250000 0.875000
vt 0.250000 0.375000
vt 0.250000 0.812500
vt 0.250000 0.312500
vt 0.218750 0.437500
vt 0.218750 0.875000
vt 0.218750 0.375000
vt 0.218750 0.812500
vt 0.218750 0.312500
vt 0.218750 0.750000
vt 0.218750 0.250000
vt 0.218750 0.687500
vt 0.218750 0.187500
vt 0.218750 0.625000
vt 0.218750 0.125000
vt 0.218750 0.562500
vt 0.218750 0.062500
vt 0.218750 0.500000
vt 0.234375 1.000000
vt 0.218750 0.937500
vt 0.234375 0.000000
vt 0.187500 0.250000
vt 0.187500 0.187500
vt 0.187500 0.625000
vt 0.187500 0.125000
vt 0.187500 0.562500
vt 0.187500 0.062500
vt 0.187500 0.500000
vt 0.203125 1.000000
vt 0.187500 0.937500
vt 0.203125 0.000000
vt 0.187500 0.437500
vt 0.187500 0.875000
vt 0.187500 0.375000
vt 0.187500 0.812500
vt 0.187500 0.312500
vt 0.187500 0.750000
vt 0.187500 0.687500
vt 0.156250 0.375000
vt 0.156250 0.812500
vt 0.156250 0.312500
vt 0.156250 0.750000
vt 0.156250 0.250000
vt 0.156250 0.687500
vt 0.156250 0.187500
vt 0.156250 0.625000
vt 0.156250 0.125000
vt 0.156250 0.562500
vt 0.156250 0.062500
vt 0.156250 0.500000
vt 0.171875 1.000000
vt 0.156250 0.937500
vt 0.171875 0.000000
vt 0.156250 0.437500
vt 0.156250 0.875000
vt 0.125000 0.125000
vt 0.125000 0.625000
vt 0.125000 0.562500
vt 0.125000 0.062500
vt 0.125000 0.500000
vt 0.140625 1.000000
vt 0.125000 0.937500
vt 0.140625 0.000000
vt 0.125000 0.437500
vt 0.125000 0.875000
vt 0.125000 0.375000
vt 0.125000 0.812500
vt 0.125000 0.312500
vt 0.125000 0.750000
vt 0.125000 0.250000
vt 0.125000 0.687500
vt 0.125000 0.187500
vt 0.093750 0.812500
vt 0.093750 0.375000
vt 0.093750 0.312500
vt 0.093750 0.750000
vt 0.093750 0.250000
vt 0.093750 0.687500
vt 0.093750 0.187500
vt 0.093750 0.625000
vt 0.093750 0.125000
vt 0.093750 0.562500
vt 0.093750 0.062500
vt 0.093750 0.500000
vt 0.109375 1.000000
vt 0.093750 0.937500
vt 0.109375 0.000000
vt 0.093750 0.437500
vt 0.093750 0.875000
vt 0.062500 0.625000
vt 0.062500 0.562500
vt 0.062500 0.062500
vt 0.062500 0.500000
vt 0.078125 1.000000
vt 0.062500 0.937500
vt 0.078125 0.000000
vt 0.062500 0.437500
vt 0.062500 0.875000
vt 0.062500 0.375000
vt 0.062500 0.812500
vt 0.062500 0.312500
vt 0.062500 0.750000
vt 0.062500 0.250000
vt 0.062500 0.687500
vt 0.062500 0.187500
vt 0.062500 0.125000
vt 0.031250 0.375000
vt 0.031250 0.312500
vt 0.031250 0.750000
vt 0.031250 0.250000
vt 0.031250 0.687500
vt 0.031250 0.187500
vt 0.031250 0.625000
vt 0.031250 0.125000
vt 0.031250 0.562500
vt 0.031250 0.062500
vt 0.031250 0.500000
vt 0.046875 1.000000
vt 0.031250 0.937500
vt 0.046875 0.000000
vt 0.031250 0.437500
vt 0.031250 0.875000
vt 0.031250 0.812500
vt 0.000000 0.062500
vt 0.000000 0.562500
vt 0.000000 0.500000
vt 0.015625 1.000000
vt 0.000000 0.937500
vt 0.015625 0.000000
vt 0.000000 0.437500
vt 0.000000 0.875000
vt 0.000000 0.375000
vt 0.000000 0.812500
vt 0.000000 0.312500
vt 0.000000 0.750000
vt 0.000000 0.250000
vt 0.000000 0.687500
vt 0.000000 0.187500
vt 0.000000 0.625000
vt 0.000000 0.125000
vt 1.000000 0.812500
vt 0.968750 0.750000
vt 1.000000 0.750000
vt 1.000000 0.312500
vt 0.968750 0.250000
vt 1.000000 0.250000
vt 1.000000 0.687500
vt 0.968750 0.687500
vt 1.000000 0.187500
vt 0.968750 0.187500
vt 0.968750 0.625000
vt 1.000000 0.625000
vt 0.968750 0.125000
vt 1.000000 0.125000
vt 1.000000 0.562500
vt 0.968750 0.562500
vt 0.968750 0.062500
vt 1.000000 0.062500
vt 1.000000 0.500000
vt 0.968750 0.500000
vt 1.000000 0.937500
vt 0.984375 1.000000
vt 0.968750 0.937500
vt 0.984375 0.000000
vt 0.968750 0.437500
vt 1.000000 0.437500
vt 0.968750 0.875000
vt 1.000000 0.875000
vt 0.968750 0.375000
vt 1.000000 0.375000
vt 0.968750 0.812500
vt 0.968750 0.312500
vt 0.937500 0.562500
vt 0.937500 0.500000
vt 0.953125 1.000000
vt 0.937500 0.937500
vt 0.953125 0.000000
vt 0.937500 0.062500
vt 0.937500 0.437500
vt 0.937500 0.875000
vt 0.937500 0.375000
vt 0.937500 0.812500
vt 0.937500 0.312500
vt 0.937500 0.750000
vt 0.937500 0.250000
vt 0.937500 0.687500
vt 0.937500 0.187500
vt 0.937500 0.625000
vt 0.937500 0.125000
vt 0.906250 0.250000
vt 0.906250 0.750000
vt 0.906250 0.687500
vt 0.906250 0.187500
vt 0.906250 0.625000
vt 0.906250 0.125000
vt 0.906250 0.562500
vt 0.906250 0.062500
vt 0.906250 0.500000
vt 0.921875 1.000000
vt 0.906250 0.937500
vt 0.921875 0.000000
vt 0.906250 0.437500
vt 0.906250 0.875000
vt 0.906250 0.375000
vt 0.906250 0.812500
vt 0.906250 0.312500
vt 0.890625 0.000000
vt 0.875000 0.062500
vt 0.875000 0.437500
vt 0.875000 0.875000
vt 0.875000 0.375000
vt 0.875000 0.812500
vt 0.875000 0.312500
vt 0.875000 0.750000
vt 0.875000 0.250000
vt 0.875000 0.687500
vt 0.875000 0.187500
vt 0.875000 0.625000
vt 0.875000 0.125000
vt 0.875000 0.562500
vt 0.875000 0.500000
vt 0.890625 1.000000
vt 0.875000 0.937500
vt 0.843750 0.250000
vt 0.843750 0.187500
vt 0.843750 0.625000
vt 0.843750 0.125000
vt 0.843750 0.562500
vt 0.843750 0.062500
vt 0.843750 0.500000
vt 0.859375 1.000000
vt 0.843750 0.937500
vt 0.859375 0.000000
vt 0.843750 0.437500
vt 0.843750 0.875000
vt 0.843750 0.375000
vt 0.843750 0.812500
vt 0.843750 0.312500
vt 0.843750 0.750000
vt 0.843750 0.687500
vt 0.812500 0.937500
vt 0.812500 0.875000
vt 0.812500 0.375000
vt 0.812500 0.812500
vt 0.812500 0.312500
vt 0.812500 0.750000
vt 0.812500 0.250000
vt 0.812500 0.687500
vt 0.812500 0.187500
vt 0.812500 0.625000
vt 0.812500 0.125000
vt 0.812500 0.562500
vt 0.812500 0.062500
vt 0.812500 0.500000
vt 0.828125 1.000000
vt 0.828125 0.000000
vt 0.812500 0.437500
vt 0.781250 0.625000
vt 0.781250 0.125000
vt 0.781250 0.562500
vt 0.781250 0.062500
vt 0.781250 0.500000
vt 0.796875 1.000000
vt 0.781250 0.937500
vt 0.796875 0.000000
vt 0.781250 0.437500
vt 0.781250 0.875000
vt 0.781250 0.375000
vt 0.781250 0.812500
vt 0.781250 0.312500
vt 0.781250 0.750000
vt 0.781250 0.250000
vt 0.781250 0.687500
vt 0.781250 0.187500
vt 0.765625 1.000000
vt 0.765625 0.000000
vt 1.000000 1.000000
vt 0.968750 0.500000
vt 0.968750 1.000000
vt 0.937500 0.500000
vt 0.937500 1.000000
vt 0.906250 0.500000
vt 0.906250 1.000000
vt 0.875000 0.500000
vt 0.875000 1.000000
vt 0.843750 0.500000
vt 0.843750 1.000000
vt 0.812500 0.500000
vt 0.812500 1.000000
vt 0.781250 0.500000
vt 0.781250 1.000000
vt 0.750000 1.000000
vt 0.718750 1.000000
vt 0.687500 1.000000
vt 0.656250 1.000000
vt 0.625000 1.000000
vt 0.593750 1.000000
vt 0.562500 1.000000
vt 0.531250 1.000000
vt 0.500000 0.500000
vt 0.500000 1.000000
vt 0.468750 0.500000
vt 0.468750 1.000000
vt 0.437500 0.500000
vt 0.437500 1.000000
vt 0.406250 0.500000
vt 0.406250 1.000000
vt 0.375000 0.500000
vt 0.375000 1.000000
vt 0.343750 0.500000
vt 0.343750 1.000000
vt 0.312500 0.500000
vt 0.312500 1.000000
vt 0.281250 0.500000
vt 0.281250 1.000000
vt 0.250000 0.500000
vt 0.250000 1.000000
vt 0.218750 0.500000
vt 0.218750 1.000000
vt 0.187500 0.500000
vt 0.187500 1.000000
vt 0.156250 0.500000
vt 0.156250 1.000000
vt 0.125000 0.500000
vt 0.125000 1.000000
vt 0.093750 0.500000
vt 0.093750 1.000000
vt 0.062500 0.500000
vt 0.158156 0.028269
vt 0.471731 0.158156
vt 0.341844 0.471731
vt 0.062500 1.000000
vt 0.031250 0.500000
vt 0.031250 1.000000
vt 0.796822 0.014612
vt 0.514612 0.203178
vt 0.703178 0.485388
vt 0.296822 0.485388
vt 0.250000 0.490000
vt 0.203178 0.485388
vt 0.158156 0.471731
vt 0.116663 0.449553
vt 0.080294 0.419706
vt 0.050447 0.383337
vt 0.028269 0.341844
vt 0.014612 0.296822
vt 0.010000 0.250000
vt 0.014612 0.203178
vt 0.028269 0.158156
vt 0.050447 0.116663
vt 0.080294 0.080294
vt 0.116663 0.050447
vt 0.203178 0.014612
vt 0.250000 0.010000
vt 0.296822 0.014612
vt 0.341844 0.028269
vt 0.383337 0.050447
vt 0.419706 0.080294
vt 0.449553 0.116663
vt 0.485388 0.203178
vt 0.490000 0.250000
vt 0.485388 0.296822
vt 0.471731 0.341844
vt 0.449553 0.383337
vt 0.419706 0.419706
vt 0.383337 0.449553
vt 0.000000 1.000000
vt 0.750000 0.490000
vt 0.796822 0.485388
vt 0.841844 0.471731
vt 0.883337 0.449553
vt 0.919706 0.419706
vt 0.949553 0.383337
vt 0.971731 0.341844
vt 0.985388 0.296822
vt 0.990000 0.250000
vt 0.985388 0.203178
vt 0.971731 0.158156
vt 0.949553 0.116663
vt 0.919706 0.080294
vt 0.883337 0.050447
vt 0.841844 0.028269
vt 0.750000 0.010000
vt 0.703178 0.014612
vt 0.658156 0.028269
vt 0.616663 0.050447
vt 0.580294 0.080294
vt 0.550447 0.116663
vt 0.528269 0.158156
vt 0.510000 0.250000
vt 0.514612 0.296822
vt 0.528269 0.341844
vt 0.550447 0.383337
vt 0.580294 0.419706
vt 0.616663 0.449553
vt 0.658156 0.471731
s 0
usemtl マテリアル
f 475/1/1 7/2/1 8/3/1
f 5/4/2 16/5/2 478/6/2
f 1/7/3 8/3/3 9/8/3
f 478/6/4 17/9/4 6/10/4
f 476/11/5 9/8/5 10/12/5
f 6/10/6 18/13/6 479/14/6
f 2/15/7 10/12/7 11/16/7
f 479/14/8 19/17/8 480/18/8
f 477/19/9 11/16/9 12/20/9
f 480/18/10 20/21/10 481/22/10
f 3/23/11 12/20/11 13/24/11
f 481/22/12 21/25/12 482/26/12
f 3/23/13 14/27/13 4/28/13
f 474/29/14 82/30/14 7/2/14
f 308/31/15 482/26/15 21/25/15
f 4/28/16 15/32/16 5/4/16
f 7/2/17 82/33/17 22/34/17
f 308/35/18 21/25/18 36/36/18
f 14/27/19 30/37/19 15/32/19
f 7/2/20 23/38/20 8/3/20
f 15/32/21 31/39/21 16/5/21
f 8/3/22 24/40/22 9/8/22
f 16/5/23 32/41/23 17/9/23
f 9/8/24 25/42/24 10/12/24
f 17/9/25 33/43/25 18/13/25
f 10/12/26 26/44/26 11/16/26
f 19/17/27 33/43/27 34/45/27
f 11/16/28 27/46/28 12/20/28
f 20/21/29 34/45/29 35/47/29
f 13/24/30 27/46/30 28/48/30
f 20/21/31 36/36/31 21/25/31
f 13/24/32 29/49/32 14/27/32
f 25/42/33 41/50/33 26/44/33
f 34/45/34 48/51/34 49/52/34
f 26/44/35 42/53/35 27/46/35
f 34/45/36 50/54/36 35/47/36
f 27/46/37 43/55/37 28/48/37
f 35/47/38 51/56/38 36/36/38
f 28/48/39 44/57/39 29/49/39
f 22/34/40 82/58/40 37/59/40
f 308/60/41 36/36/41 51/56/41
f 30/37/42 44/57/42 45/61/42
f 22/34/43 38/62/43 23/38/43
f 30/37/44 46/63/44 31/39/44
f 23/38/45 39/64/45 24/40/45
f 32/41/46 46/63/46 47/65/46
f 24/40/47 40/66/47 25/42/47
f 33/43/48 47/65/48 48/51/48
f 44/57/49 60/67/49 45/61/49
f 37/59/50 53/68/50 38/62/50
f 45/61/51 61/69/51 46/63/51
f 38/62/52 54/70/52 39/64/52
f 47/65/53 61/69/53 62/71/53
f 39/64/54 55/72/54 40/66/54
f 47/65/55 63/73/55 48/51/55
f 40/66/56 56/74/56 41/50/56
f 48/51/57 64/75/57 49/52/57
f 41/50/58 57/76/58 42/53/58
f 49/52/59 65/77/59 50/54/59
f 43/55/60 57/76/60 58/78/60
f 50/54/61 66/79/61 51/56/61
f 44/57/62 58/78/62 59/80/62
f 37/59/63 82/81/63 52/82/63
f 308/83/64 51/56/64 66/79/64
f 63/73/65 79/84/65 64/75/65
f 56/74/66 72/85/66 57/76/66
f 65/77/67 79/84/67 80/86/67
f 58/78/68 72/85/68 73/87/68
f 65/77/69 81/88/69 66/79/69
f 59/80/70 73/87/70 74/89/70
f 52/82/71 82/90/71 67/91/71
f 308/92/72 66/79/72 81/88/72
f 59/80/73 75/93/73 60/67/73
f 52/82/74 68/94/74 53/68/74
f 60/67/75 76/95/75 61/69/75
f 53/68/76 69/96/76 54/70/76
f 62/71/77 76/95/77 77/97/77
f 54/70/78 70/98/78 55/72/78
f 62/71/79 78/99/79 63/73/79
f 56/74/80 70/98/80 71/100/80
f 67/91/81 84/101/81 68/94/81
f 75/93/82 92/102/82 76/95/82
f 68/94/83 85/103/83 69/96/83
f 77/97/84 92/102/84 93/104/84
f 69/96/85 86/105/85 70/98/85
f 77/97/86 94/106/86 78/99/86
f 71/100/87 86/105/87 87/107/87
f 78/99/88 95/108/88 79/84/88
f 71/100/89 88/109/89 72/85/89
f 79/84/90 96/110/90 80/86/90
f 73/87/91 88/109/91 89/111/91
f 81/88/92 96/110/92 97/112/92
f 74/89/93 89/111/93 90/113/93
f 67/91/94 82/114/94 83/115/94
f 308/116/95 81/88/95 97/112/95
f 74/89/96 91/117/96 75/93/96
f 87/107/97 103/118/97 88/109/97
f 96/110/98 110/119/98 111/120/98
f 89/111/99 103/118/99 104/121/99
f 96/110/100 112/122/100 97/112/100
f 90/113/101 104/121/101 105/123/101
f 83/115/102 82/124/102 98/125/102
f 308/126/103 97/112/103 112/122/103
f 90/113/104 106/127/104 91/117/104
f 84/101/105 98/125/105 99/128/105
f 91/117/106 107/129/106 92/102/106
f 84/101/107 100/130/107 85/103/107
f 93/104/108 107/129/108 108/131/108
f 85/103/109 101/132/109 86/105/109
f 93/104/110 109/133/110 94/106/110
f 87/107/111 101/132/111 102/134/111
f 95/108/112 109/133/112 110/119/112
f 106/127/113 122/135/113 107/129/113
f 99/128/114 115/136/114 100/130/114
f 108/131/115 122/135/115 123/137/115
f 100/130/116 116/138/116 101/132/116
f 108/131/117 124/139/117 109/133/117
f 102/134/118 116/138/118 117/140/118
f 110/119/119 124/139/119 125/141/119
f 102/134/120 118/142/120 103/118/120
f 110/119/121 126/143/121 111/120/121
f 104/121/122 118/142/122 119/144/122
f 111/120/123 127/145/123 112/122/123
f 105/123/124 119/144/124 120/146/124
f 98/125/125 82/147/125 113/148/125
f 308/149/126 112/122/126 127/145/126
f 105/123/127 121/150/127 106/127/127
f 99/128/128 113/148/128 114/151/128
f 125/141/129 141/152/129 126/143/129
f 119/144/130 133/153/130 134/154/130
f 126/143/131 142/155/131 127/145/131
f 120/146/132 134/154/132 135/156/132
f 113/148/133 82/157/133 128/158/133
f 308/159/134 127/145/134 142/155/134
f 120/146/135 136/160/135 121/150/135
f 113/148/136 129/161/136 114/151/136
f 121/150/137 137/162/137 122/135/137
f 114/151/138 130/163/138 115/136/138
f 123/137/139 137/162/139 138/164/139
f 115/136/140 131/165/140 116/138/140
f 123/137/141 139/166/141 124/139/141
f 117/140/142 131/165/142 132/167/142
f 125/141/143 139/166/143 140/168/143
f 117/140/144 133/153/144 118/142/144
f 138/164/145 152/169/145 153/170/145
f 130/163/146 146/171/146 131/165/146
f 138/164/147 154/172/147 139/166/147
f 132/167/148 146/171/148 147/173/148
f 140/168/149 154/172/149 155/174/149
f 132/167/150 148/175/150 133/153/150
f 140/168/151 156/176/151 141/152/151
f 134/154/152 148/175/152 149/177/152
f 142/155/153 156/176/153 157/178/153
f 135/156/154 149/177/154 150/179/154
f 128/158/155 82/180/155 143/181/155
f 308/182/156 142/155/156 157/178/156
f 135/156/157 151/183/157 136/160/157
f 128/158/158 144/184/158 129/161/158
f 136/160/159 152/169/159 137/162/159
f 130/163/160 144/184/160 145/185/160
f 156/176/161 172/186/161 157/178/161
f 150/179/162 164/187/162 165/188/162
f 143/181/163 82/189/163 158/190/163
f 308/191/164 157/178/164 172/186/164
f 150/179/165 166/192/165 151/183/165
f 143/181/166 159/193/166 144/184/166
f 151/183/167 167/194/167 152/169/167
f 145/185/168 159/193/168 160/195/168
f 153/170/169 167/194/169 168/196/169
f 145/185/170 161/197/170 146/171/170
f 153/170/171 169/198/171 154/172/171
f 147/173/172 161/197/172 162/199/172
f 155/174/173 169/198/173 170/200/173
f 147/173/174 163/201/174 148/175/174
f 155/174/175 171/202/175 156/176/175
f 149/177/176 163/201/176 164/187/176
f 160/195/177 176/203/177 161/197/177
f 168/196/178 184/204/178 169/198/178
f 162/199/179 176/203/179 177/205/179
f 169/198/180 185/206/180 170/200/180
f 162/199/181 178/207/181 163/201/181
f 171/202/182 185/206/182 186/208/182
f 164/187/183 178/207/183 179/209/183
f 172/186/184 186/208/184 187/210/184
f 165/188/185 179/209/185 180/211/185
f 158/190/186 82/212/186 173/213/186
f 308/214/187 172/186/187 187/210/187
f 165/188/188 181/215/188 166/192/188
f 158/190/189 174/216/189 159/193/189
f 166/192/190 182/217/190 167/194/190
f 159/193/191 175/218/191 160/195/191
f 168/196/192 182/217/192 183/219/192
f 180/211/193 194/220/193 195/221/193
f 173/213/194 82/222/194 188/223/194
f 308/224/195 187/210/195 202/225/195
f 180/211/196 196/226/196 181/215/196
f 174/216/197 188/223/197 189/227/197
f 181/215/198 197/228/198 182/217/198
f 175/218/199 189/227/199 190/229/199
f 183/219/200 197/228/200 198/230/200
f 175/218/201 191/231/201 176/203/201
f 183/219/202 199/232/202 184/204/202
f 177/205/203 191/231/203 192/233/203
f 185/206/204 199/232/204 200/234/204
f 177/205/205 193/235/205 178/207/205
f 185/206/206 201/236/206 186/208/206
f 179/209/207 193/235/207 194/220/207
f 186/208/208 202/225/208 187/210/208
f 198/230/209 214/237/209 199/232/209
f 192/233/210 206/238/210 207/239/210
f 200/234/211 214/237/211 215/240/211
f 192/233/212 208/241/212 193/235/212
f 200/234/213 216/242/213 201/236/213
f 194/220/214 208/241/214 209/243/214
f 201/236/215 217/244/215 202/225/215
f 195/221/216 209/243/216 210/245/216
f 188/223/217 82/246/217 203/247/217
f 308/248/218 202/225/218 217/244/218
f 195/221/219 211/249/219 196/226/219
f 188/223/220 204/250/220 189/227/220
f 196/226/221 212/251/221 197/228/221
f 189/227/222 205/252/222 190/229/222
f 198/230/223 212/251/223 213/253/223
f 190/229/224 206/238/224 191/231/224
f 203/247/225 82/254/225 218/255/225
f 308/256/226 217/244/226 232/257/226
f 210/245/227 226/258/227 211/249/227
f 203/247/228 219/259/228 204/250/228
f 211/249/229 227/260/229 212/251/229
f 204/250/230 220/261/230 205/252/230
f 213/253/231 227/260/231 228/262/231
f 205/252/232 221/263/232 206/238/232
f 213/253/233 229/264/233 214/237/233
f 207/239/234 221/263/234 222/265/234
f 215/240/235 229/264/235 230/266/235
f 207/239/236 223/267/236 208/241/236
f 215/240/237 231/268/237 216/242/237
f 209/243/238 223/267/238 224/269/238
f 216/242/239 232/257/239 217/244/239
f 210/245/240 224/269/240 225/270/240
f 222/265/241 236/271/241 237/272/241
f 230/266/242 244/273/242 245/274/242
f 222/265/243 238/275/243 223/267/243
f 230/266/244 246/276/244 231/268/244
f 224/269/245 238/275/245 239/277/245
f 232/257/246 246/276/246 247/278/246
f 225/270/247 239/277/247 240/279/247
f 218/255/248 82/280/248 233/281/248
f 308/282/249 232/257/249 247/278/249
f 225/270/250 241/283/250 226/258/250
f 218/255/251 234/284/251 219/259/251
f 226/258/252 242/285/252 227/260/252
f 220/261/253 234/284/253 235/286/253
f 228/262/254 242/285/254 243/287/254
f 220/261/255 236/271/255 221/263/255
f 228/262/256 244/273/256 229/264/256
f 240/279/257 256/288/257 241/283/257
f 233/281/258 249/289/258 234/284/258
f 241/283/259 257/290/259 242/285/259
f 234/284/260 250/291/260 235/286/260
f 243/287/261 257/290/261 258/292/261
f 235/286/262 251/293/262 236/271/262
f 243/287/263 259/294/263 244/273/263
f 237/272/264 251/293/264 252/295/264
f 245/274/265 259/294/265 260/296/265
f 237/272/266 253/297/266 238/275/266
f 245/274/267 261/298/267 246/276/267
f 239/277/268 253/297/268 254/299/268
f 246/276/269 262/300/269 247/278/269
f 240/279/270 254/299/270 255/301/270
f 233/281/271 82/302/271 248/303/271
f 308/304/272 247/278/272 262/300/272
f 260/296/273 274/305/273 275/306/273
f 252/295/274 268/307/274 253/297/274
f 260/296/275 276/308/275 261/298/275
f 254/299/276 268/307/276 269/309/276
f 261/298/277 277/310/277 262/300/277
f 255/301/278 269/309/278 270/311/278
f 248/303/279 82/312/279 263/313/279
f 308/314/280 262/300/280 277/310/280
f 255/301/281 271/315/281 256/288/281
f 249/289/282 263/313/282 264/316/282
f 256/288/283 272/317/283 257/290/283
f 249/289/284 265/318/284 250/291/284
f 258/292/285 272/317/285 273/319/285
f 250/291/286 266/320/286 251/293/286
f 258/292/287 274/305/287 259/294/287
f 252/295/288 266/320/288 267/321/288
f 271/315/289 287/322/289 272/317/289
f 264/316/290 280/323/290 265/318/290
f 273/319/291 287/322/291 288/324/291
f 265/318/292 281/325/292 266/320/292
f 273/319/293 289/326/293 274/305/293
f 267/321/294 281/325/294 282/327/294
f 275/306/295 289/326/295 290/328/295
f 267/321/296 283/329/296 268/307/296
f 275/306/297 291/330/297 276/308/297
f 269/309/298 283/329/298 284/331/298
f 277/310/299 291/330/299 292/332/299
f 270/311/300 284/331/300 285/333/300
f 263/313/301 82/334/301 278/335/301
f 308/336/302 277/310/302 292/332/302
f 270/311/303 286/337/303 271/315/303
f 264/316/304 278/335/304 279/338/304
f 290/328/305 306/339/305 291/330/305
f 284/331/306 298/340/306 299/341/306
f 292/332/307 306/339/307 307/342/307
f 285/333/308 299/341/308 300/343/308
f 278/335/309 82/344/309 293/345/309
f 308/346/310 292/332/310 307/342/310
f 285/333/311 301/347/311 286/337/311
f 278/335/312 294/348/312 279/338/312
f 286/337/313 302/349/313 287/322/313
f 279/338/314 295/350/314 280/323/314
f 288/324/315 302/349/315 303/351/315
f 280/323/316 296/352/316 281/325/316
f 288/324/317 304/353/317 289/326/317
f 282/327/318 296/352/318 297/354/318
f 290/328/319 304/353/319 305/355/319
f 282/327/320 298/340/320 283/329/320
f 294/348/321 311/356/321 295/350/321
f 303/351/322 318/357/322 319/358/322
f 295/350/323 312/359/323 296/352/323
f 303/351/324 320/360/324 304/353/324
f 297/354/325 312/359/325 313/361/325
f 305/355/326 320/360/326 321/362/326
f 297/354/327 314/363/327 298/340/327
f 305/355/328 322/364/328 306/339/328
f 299/341/329 314/363/329 315/365/329
f 306/339/330 323/366/330 307/342/330
f 300/343/331 315/365/331 316/367/331
f 293/345/332 82/368/332 309/369/332
f 308/370/333 307/342/333 323/366/333
f 300/343/334 317/371/334 301/347/334
f 293/345/335 310/372/335 294/348/335
f 301/347/336 318/357/336 302/349/336
f 315/365/337 329/373/337 330/374/337
f 322/364/338 338/375/338 323/366/338
f 316/367/339 330/374/339 331/376/339
f 309/369/340 82/377/340 324/378/340
f 308/379/341 323/366/341 338/375/341
f 316/367/342 332/380/342 317/371/342
f 309/369/343 325/381/343 310/372/343
f 317/371/344 333/382/344 318/357/344
f 310/372/345 326/383/345 311/356/345
f 319/358/346 333/382/346 334/384/346
f 311/356/347 327/385/347 312/359/347
f 319/358/348 335/386/348 320/360/348
f 312/359/349 328/387/349 313/361/349
f 321/362/350 335/386/350 336/388/350
f 313/361/351 329/373/351 314/363/351
f 321/362/352 337/389/352 322/364/352
f 334/384/353 348/390/353 349/391/353
f 326/383/354 342/392/354 327/385/354
f 334/384/355 350/393/355 335/386/355
f 328/387/356 342/392/356 343/394/356
f 336/388/357 350/393/357 351/395/357
f 328/387/358 344/396/358 329/373/358
f 336/388/359 352/397/359 337/389/359
f 330/374/360 344/396/360 345/398/360
f 337/389/361 353/399/361 338/375/361
f 331/376/362 345/398/362 346/400/362
f 324/378/363 82/401/363 339/402/363
f 308/403/364 338/375/364 353/399/364
f 331/376/365 347/404/365 332/380/365
f 324/378/366 340/405/366 325/381/366
f 332/380/367 348/390/367 333/382/367
f 325/381/368 341/406/368 326/383/368
f 352/397/369 368/407/369 353/399/369
f 346/400/370 360/408/370 361/409/370
f 339/402/371 82/410/371 354/411/371
f 308/412/372 353/399/372 368/407/372
f 346/400/373 362/413/373 347/404/373
f 339/402/374 355/414/374 340/405/374
f 347/404/375 363/415/375 348/390/375
f 341/406/376 355/414/376 356/416/376
f 349/391/377 363/415/377 364/417/377
f 341/406/378 357/418/378 342/392/378
f 349/391/379 365/419/379 350/393/379
f 343/394/380 357/418/380 358/420/380
f 351/395/381 365/419/381 366/421/381
f 343/394/382 359/422/382 344/396/382
f 351/395/383 367/423/383 352/397/383
f 345/398/384 359/422/384 360/408/384
f 356/424/385 372/425/385 357/426/385
f 364/427/386 380/428/386 365/429/386
f 358/430/387 372/425/387 373/431/387
f 366/432/388 380/428/388 381/433/388
f 358/430/389 374/434/389 359/435/389
f 366/432/390 382/436/390 367/437/390
f 360/438/391 374/434/391 375/439/391
f 367/437/392 383/440/392 368/441/392
f 361/442/393 375/439/393 376/443/393
f 354/444/394 82/445/394 369/446/394
f 308/447/395 368/441/395 383/440/395
f 361/442/396 377/448/396 362/449/396
f 354/444/397 370/450/397 355/451/397
f 362/449/398 378/452/398 363/453/398
f 356/424/399 370/450/399 371/454/399
f 364/427/400 378/452/400 379/455/400
f 376/443/401 390/456/401 391/457/401
f 369/446/402 82/458/402 384/459/402
f 308/460/403 383/440/403 398/461/403
f 376/443/404 392/462/404 377/448/404
f 369/446/405 385/463/405 370/450/405
f 377/448/406 393/464/406 378/452/406
f 371/454/407 385/463/407 386/465/407
f 379/455/408 393/464/408 394/466/408
f 371/454/409 387/467/409 372/425/409
f 379/455/410 395/468/410 380/428/410
f 373/431/411 387/467/411 388/469/411
f 381/433/412 395/468/412 396/470/412
f 373/431/413 389/471/413 374/434/413
f 381/433/414 397/472/414 382/436/414
f 375/439/415 389/471/415 390/456/415
f 382/436/416 398/461/416 383/440/416
f 394/466/417 410/473/417 395/468/417
f 388/469/418 402/474/418 403/475/418
f 396/470/419 410/473/419 411/476/419
f 388/469/420 404/477/420 389/471/420
f 397/472/421 411/476/421 412/478/421
f 390/456/422 404/477/422 405/479/422
f 397/472/423 413/480/423 398/461/423
f 391/457/424 405/479/424 406/481/424
f 384/459/425 82/482/425 399/483/425
f 308/484/426 398/461/426 413/480/426
f 391/457/427 407/485/427 392/462/427
f 385/463/428 399/483/428 400/486/428
f 392/462/429 408/487/429 393/464/429
f 385/463/430 401/488/430 386/465/430
f 394/466/431 408/487/431 409/489/431
f 386/465/432 402/474/432 387/467/432
f 308/490/433 413/480/433 428/491/433
f 406/481/434 422/492/434 407/485/434
f 399/483/435 415/493/435 400/486/435
f 407/485/436 423/494/436 408/487/436
f 401/488/437 415/493/437 416/495/437
f 409/489/438 423/494/438 424/496/438
f 401/488/439 417/497/439 402/474/439
f 409/489/440 425/498/440 410/473/440
f 403/475/441 417/497/441 418/499/441
f 411/476/442 425/498/442 426/500/442
f 403/475/443 419/501/443 404/477/443
f 411/476/444 427/502/444 412/478/444
f 405/479/445 419/501/445 420/503/445
f 412/478/446 428/491/446 413/480/446
f 406/481/447 420/503/447 421/504/447
f 399/483/448 82/505/448 414/506/448
f 426/500/449 440/507/449 441/508/449
f 418/499/450 434/509/450 419/501/450
f 426/500/451 442/510/451 427/502/451
f 420/503/452 434/509/452 435/511/452
f 427/502/453 443/512/453 428/491/453
f 421/504/454 435/511/454 436/513/454
f 414/506/455 82/514/455 429/515/455
f 308/516/456 428/491/456 443/512/456
f 421/504/457 437/517/457 422/492/457
f 414/506/458 430/518/458 415/493/458
f 422/492/459 438/519/459 423/494/459
f 416/495/460 430/518/460 431/520/460
f 424/496/461 438/519/461 439/521/461
f 416/495/462 432/522/462 417/497/462
f 424/496/463 440/507/463 425/498/463
f 418/499/464 432/522/464 433/523/464
f 430/518/465 444/524/465 445/525/465
f 437/517/466 453/526/466 438/519/466
f 430/518/467 446/527/467 431/520/467
f 439/521/468 453/526/468 454/528/468
f 431/520/469 447/529/469 432/522/469
f 439/521/470 455/530/470 440/507/470
f 433/523/471 447/529/471 448/531/471
f 441/508/472 455/530/472 456/532/472
f 433/523/473 449/533/473 434/509/473
f 441/508/474 457/534/474 442/510/474
f 435/511/475 449/533/475 450/535/475
f 442/510/476 458/536/476 443/512/476
f 436/513/477 450/535/477 451/537/477
f 429/515/478 82/538/478 444/524/478
f 308/539/479 443/512/479 458/536/479
f 436/513/480 452/540/480 437/517/480
f 448/531/481 464/541/481 449/533/481
f 456/532/482 472/542/482 457/534/482
f 450/535/483 464/541/483 465/543/483
f 458/536/484 472/542/484 473/544/484
f 451/537/485 465/543/485 466/545/485
f 444/524/486 82/546/486 459/547/486
f 308/548/487 458/536/487 473/544/487
f 451/537/488 467/549/488 452/540/488
f 444/524/489 460/550/489 445/525/489
f 452/540/490 468/551/490 453/526/490
f 446/527/491 460/550/491 461/552/491
f 454/528/492 468/551/492 469/553/492
f 446/527/493 462/554/493 447/529/493
f 454/528/494 470/555/494 455/530/494
f 448/531/495 462/554/495 463/556/495
f 456/532/496 470/555/496 471/557/496
f 467/549/497 478/6/497 468/551/497
f 461/552/498 475/1/498 1/7/498
f 468/551/499 6/10/499 469/553/499
f 462/554/500 1/7/500 476/11/500
f 469/553/501 479/14/501 470/555/501
f 463/556/502 476/11/502 2/15/502
f 471/557/503 479/14/503 480/18/503
f 464/541/504 2/15/504 477/19/504
f 471/557/505 481/22/505 472/542/505
f 465/543/506 477/19/506 3/23/506
f 472/542/507 482/26/507 473/544/507
f 466/545/508 3/23/508 4/28/508
f 459/547/509 82/558/509 474/29/509
f 308/559/510 473/544/510 482/26/510
f 466/545/511 5/4/511 467/549/511
f 460/550/512 474/29/512 475/1/512
f 484/560/513 485/561/513 483/442/513
f 486/562/514 487/563/514 485/561/514
f 488/564/515 489/565/515 487/563/515
f 490/566/516 491/567/516 489/565/516
f 492/568/517 493/569/517 491/567/517
f 494/570/518 495/571/518 493/569/518
f 496/572/519 497/573/519 495/571/519
f 498/574/520 499/28/520 497/573/520
f 500/575/521 501/27/521 499/28/521
f 502/576/522 503/49/522 501/27/522
f 504/577/523 505/57/523 503/49/523
f 506/578/524 507/80/524 505/57/524
f 508/579/525 509/89/525 507/80/525
f 510/580/526 511/113/526 509/89/526
f 512/581/527 513/123/527 511/113/527
f 514/582/528 515/583/528 513/123/528
f 516/584/529 517/585/529 515/583/529
f 518/586/530 519/587/530 517/585/530
f 520/588/531 521/589/531 519/587/531
f 522/590/532 523/591/532 521/589/532
f 524/592/533 525/593/533 523/591/533
f 526/594/534 527/595/534 525/593/534
f 528/596/535 529/597/535 527/595/535
f 530/598/536 531/599/536 529/597/536
f 532/600/537 533/601/537 531/599/537
f 534/602/538 535/603/538 533/601/538
f 536/604/539 537/605/539 535/603/539
f 538/606/540 539/607/540 537/605/540
f 540/608/541 541/609/541 539/607/541
f 542/610/542 543/611/542 541/609/542
f 520/612/543 504/613/543 488/614/543
f 544/615/544 545/616/544 543/611/544
f 546/617/545 483/409/545 545/616/545
f 513/618/546 529/619/546 545/620/546
f 1021/1/1 553/2/1 554/3/1
f 551/4/2 562/5/2 1024/6/2
f 547/7/3 554/3/3 555/8/3
f 1024/6/4 563/9/4 552/10/4
f 1022/11/5 555/8/5 556/12/5
f 1025/14/6 563/9/6 564/13/6
f 1022/11/7 557/16/7 548/15/7
f 1025/14/8 565/17/8 1026/18/8
f 1023/19/9 557/16/9 558/20/9
f 1026/18/10 566/21/10 1027/22/10
f 549/23/11 558/20/11 559/24/11
f 1027/22/12 567/25/12 1028/26/12
f 549/23/13 560/27/13 550/28/13
f 1020/29/14 628/30/14 553/2/14
f 854/31/15 1028/26/15 567/25/15
f 550/28/16 561/32/16 551/4/16
f 553/2/17 628/33/17 568/34/17
f 854/35/18 567/25/18 582/36/18
f 560/27/19 576/37/19 561/32/19
f 553/2/20 569/38/20 554/3/20
f 561/32/21 577/39/21 562/5/21
f 554/3/22 570/40/22 555/8/22
f 563/9/23 577/39/23 578/41/23
f 555/8/24 571/42/24 556/12/24
f 563/9/25 579/43/25 564/13/25
f 556/12/26 572/44/26 557/16/26
f 564/13/27 580/45/27 565/17/27
f 557/16/28 573/46/28 558/20/28
f 565/17/29 581/47/29 566/21/29
f 558/20/30 574/48/30 559/24/30
f 566/21/31 582/36/31 567/25/31
f 559/24/32 575/49/32 560/27/32
f 571/42/33 587/50/33 572/44/33
f 579/43/34 595/52/34 580/45/34
f 572/44/35 588/53/35 573/46/35
f 581/47/547 595/52/547 596/54/547
f 574/48/37 588/53/37 589/55/37
f 582/36/38 596/54/38 597/56/38
f 575/49/39 589/55/39 590/57/39
f 568/34/40 628/58/40 583/59/40
f 854/60/41 582/36/41 597/56/41
f 575/49/42 591/61/42 576/37/42
f 568/34/43 584/62/43 569/38/43
f 576/37/44 592/63/44 577/39/44
f 569/38/45 585/64/45 570/40/45
f 578/41/46 592/63/46 593/65/46
f 570/40/47 586/66/47 571/42/47
f 579/43/48 593/65/48 594/51/48
f 590/57/49 606/67/49 591/61/49
f 583/59/50 599/68/50 584/62/50
f 591/61/51 607/69/51 592/63/51
f 584/62/52 600/70/52 585/64/52
f 593/65/53 607/69/53 608/71/53
f 585/64/54 601/72/54 586/66/54
f 593/65/55 609/73/55 594/51/55
f 587/50/56 601/72/56 602/74/56
f 595/52/57 609/73/57 610/75/57
f 588/53/58 602/74/58 603/76/58
f 595/52/59 611/77/59 596/54/59
f 588/53/60 604/78/60 589/55/60
f 596/54/548 612/79/548 597/56/548
f 590/57/62 604/78/62 605/80/62
f 583/59/63 628/81/63 598/82/63
f 854/83/64 597/56/64 612/79/64
f 610/75/65 624/99/65 625/84/65
f 602/74/66 618/85/66 603/76/66
f 610/75/67 626/86/67 611/77/67
f 604/78/68 618/85/68 619/87/68
f 611/77/549 627/88/549 612/79/549
f 605/80/70 619/87/70 620/89/70
f 598/82/71 628/90/71 613/91/71
f 854/92/72 612/79/72 627/88/72
f 605/80/73 621/93/73 606/67/73
f 598/82/74 614/94/74 599/68/74
f 606/67/75 622/95/75 607/69/75
f 599/68/76 615/96/76 600/70/76
f 608/71/77 622/95/77 623/97/77
f 600/70/78 616/98/78 601/72/78
f 608/71/79 624/99/79 609/73/79
f 602/74/80 616/98/80 617/100/80
f 613/91/81 630/101/81 614/94/81
f 621/93/82 638/102/82 622/95/82
f 614/94/83 631/103/83 615/96/83
f 623/97/84 638/102/84 639/104/84
f 615/96/85 632/105/85 616/98/85
f 623/97/86 640/106/86 624/99/86
f 617/100/87 632/105/87 633/107/87
f 625/84/88 640/106/88 641/108/88
f 617/100/89 634/109/89 618/85/89
f 625/84/550 642/110/550 626/86/550
f 619/87/91 634/109/91 635/111/91
f 627/88/92 642/110/92 643/112/92
f 620/89/93 635/111/93 636/113/93
f 613/91/94 628/114/94 629/115/94
f 854/116/95 627/88/95 643/112/95
f 620/89/96 637/117/96 621/93/96
f 633/107/97 649/118/97 634/109/97
f 641/108/98 657/120/98 642/110/98
f 635/111/99 649/118/99 650/121/99
f 642/110/100 658/122/100 643/112/100
f 636/113/101 650/121/101 651/123/101
f 629/115/102 628/124/102 644/125/102
f 854/126/103 643/112/103 658/122/103
f 636/113/104 652/127/104 637/117/104
f 630/101/105 644/125/105 645/128/105
f 637/117/106 653/129/106 638/102/106
f 630/101/107 646/130/107 631/103/107
f 639/104/108 653/129/108 654/131/108
f 631/103/109 647/132/109 632/105/109
f 639/104/110 655/133/110 640/106/110
f 633/107/111 647/132/111 648/134/111
f 640/106/112 656/119/112 641/108/112
f 652/127/113 668/135/113 653/129/113
f 645/128/114 661/136/114 646/130/114
f 654/131/115 668/135/115 669/137/115
f 646/130/116 662/138/116 647/132/116
f 654/131/117 670/139/117 655/133/117
f 648/134/118 662/138/118 663/140/118
f 656/119/119 670/139/119 671/141/119
f 648/134/120 664/142/120 649/118/120
f 656/119/121 672/143/121 657/120/121
f 650/121/122 664/142/122 665/144/122
f 657/120/123 673/145/123 658/122/123
f 651/123/124 665/144/124 666/146/124
f 644/125/125 628/147/125 659/148/125
f 854/149/126 658/122/126 673/145/126
f 651/123/127 667/150/127 652/127/127
f 644/125/128 660/151/128 645/128/128
f 671/141/129 687/152/129 672/143/129
f 665/144/130 679/153/130 680/154/130
f 672/143/131 688/155/131 673/145/131
f 666/146/132 680/154/132 681/156/132
f 659/148/133 628/157/133 674/158/133
f 854/159/134 673/145/134 688/155/134
f 666/146/135 682/160/135 667/150/135
f 660/151/136 674/158/136 675/161/136
f 667/150/137 683/162/137 668/135/137
f 660/151/138 676/163/138 661/136/138
f 669/137/139 683/162/139 684/164/139
f 661/136/140 677/165/140 662/138/140
f 669/137/141 685/166/141 670/139/141
f 663/140/142 677/165/142 678/167/142
f 671/141/143 685/166/143 686/168/143
f 663/140/144 679/153/144 664/142/144
f 684/164/145 698/169/145 699/170/145
f 676/163/146 692/171/146 677/165/146
f 684/164/147 700/172/147 685/166/147
f 678/167/148 692/171/148 693/173/148
f 686/168/149 700/172/149 701/174/149
f 678/167/150 694/175/150 679/153/150
f 686/168/151 702/176/151 687/152/151
f 680/154/152 694/175/152 695/177/152
f 687/152/153 703/178/153 688/155/153
f 681/156/154 695/177/154 696/179/154
f 674/158/155 628/180/155 689/181/155
f 854/182/156 688/155/156 703/178/156
f 681/156/157 697/183/157 682/160/157
f 674/158/158 690/184/158 675/161/158
f 682/160/159 698/169/159 683/162/159
f 675/161/160 691/185/160 676/163/160
f 702/176/161 718/186/161 703/178/161
f 696/179/162 710/187/162 711/188/162
f 689/181/163 628/189/163 704/190/163
f 854/191/164 703/178/164 718/186/164
f 696/179/165 712/192/165 697/183/165
f 689/181/166 705/193/166 690/184/166
f 697/183/167 713/194/167 698/169/167
f 690/184/168 706/195/168 691/185/168
f 699/170/169 713/194/169 714/196/169
f 691/185/170 707/197/170 692/171/170
f 699/170/171 715/198/171 700/172/171
f 693/173/172 707/197/172 708/199/172
f 701/174/173 715/198/173 716/200/173
f 693/173/174 709/201/174 694/175/174
f 702/176/175 716/200/175 717/202/175
f 695/177/176 709/201/176 710/187/176
f 706/195/177 722/203/177 707/197/177
f 714/196/178 730/204/178 715/198/178
f 708/199/179 722/203/179 723/205/179
f 716/200/180 730/204/180 731/206/180
f 708/199/181 724/207/181 709/201/181
f 717/202/182 731/206/182 732/208/182
f 710/187/183 724/207/183 725/209/183
f 717/202/184 733/210/184 718/186/184
f 711/188/185 725/209/185 726/211/185
f 704/190/186 628/212/186 719/213/186
f 854/214/187 718/186/187 733/210/187
f 711/188/188 727/215/188 712/192/188
f 704/190/189 720/216/189 705/193/189
f 712/192/190 728/217/190 713/194/190
f 705/193/191 721/218/191 706/195/191
f 714/196/192 728/217/192 729/219/192
f 726/211/193 740/220/193 741/221/193
f 719/213/194 628/222/194 734/223/194
f 854/224/195 733/210/195 748/225/195
f 726/211/196 742/226/196 727/215/196
f 719/213/197 735/227/197 720/216/197
f 727/215/198 743/228/198 728/217/198
f 720/216/199 736/229/199 721/218/199
f 729/219/200 743/228/200 744/230/200
f 721/218/201 737/231/201 722/203/201
f 729/219/202 745/232/202 730/204/202
f 723/205/203 737/231/203 738/233/203
f 731/206/204 745/232/204 746/234/204
f 723/205/205 739/235/205 724/207/205
f 731/206/206 747/236/206 732/208/206
f 725/209/207 739/235/207 740/220/207
f 732/208/208 748/225/208 733/210/208
f 744/230/209 760/237/209 745/232/209
f 738/233/210 752/238/210 753/239/210
f 746/234/211 760/237/211 761/240/211
f 738/233/212 754/241/212 739/235/212
f 747/236/213 761/240/213 762/242/213
f 740/220/214 754/241/214 755/243/214
f 747/236/551 763/244/551 748/225/551
f 741/221/216 755/243/216 756/245/216
f 734/223/217 628/246/217 749/247/217
f 854/248/218 748/225/218 763/244/218
f 741/221/219 757/249/219 742/226/219
f 734/223/220 750/250/220 735/227/220
f 742/226/221 758/251/221 743/228/221
f 735/227/222 751/252/222 736/229/222
f 744/230/223 758/251/223 759/253/223
f 736/229/224 752/238/224 737/231/224
f 749/247/225 628/254/225 764/255/225
f 854/256/226 763/244/226 778/257/226
f 756/245/227 772/258/227 757/249/227
f 750/250/228 764/255/228 765/259/228
f 757/249/229 773/260/229 758/251/229
f 750/250/230 766/261/230 751/252/230
f 759/253/231 773/260/231 774/262/231
f 751/252/232 767/263/232 752/238/232
f 759/253/233 775/264/233 760/237/233
f 753/239/234 767/263/234 768/265/234
f 761/240/235 775/264/235 776/266/235
f 753/239/236 769/267/236 754/241/236
f 761/240/237 777/268/237 762/242/237
f 755/243/238 769/267/238 770/269/238
f 763/244/552 777/268/552 778/257/552
f 756/245/240 770/269/240 771/270/240
f 768/265/241 782/271/241 783/272/241
f 776/266/242 790/273/242 791/274/242
f 768/265/243 784/275/243 769/267/243
f 776/266/244 792/276/244 777/268/244
f 770/269/245 784/275/245 785/277/245
f 778/257/246 792/276/246 793/278/246
f 771/270/247 785/277/247 786/279/247
f 764/255/248 628/280/248 779/281/248
f 854/282/249 778/257/249 793/278/249
f 771/270/250 787/283/250 772/258/250
f 765/259/251 779/281/251 780/284/251
f 772/258/252 788/285/252 773/260/252
f 766/261/253 780/284/253 781/286/253
f 774/262/254 788/285/254 789/287/254
f 766/261/255 782/271/255 767/263/255
f 774/262/256 790/273/256 775/264/256
f 786/279/257 802/288/257 787/283/257
f 779/281/258 795/289/258 780/284/258
f 787/283/259 803/290/259 788/285/259
f 780/284/260 796/291/260 781/286/260
f 789/287/261 803/290/261 804/292/261
f 781/286/262 797/293/262 782/271/262
f 789/287/263 805/294/263 790/273/263
f 783/272/264 797/293/264 798/295/264
f 791/274/265 805/294/265 806/296/265
f 783/272/266 799/297/266 784/275/266
f 791/274/267 807/298/267 792/276/267
f 785/277/268 799/297/268 800/299/268
f 792/276/269 808/300/269 793/278/269
f 786/279/270 800/299/270 801/301/270
f 779/281/271 628/302/271 794/303/271
f 854/304/272 793/278/272 808/300/272
f 806/296/273 820/305/273 821/306/273
f 798/295/274 814/307/274 799/297/274
f 807/298/275 821/306/275 822/308/275
f 800/299/276 814/307/276 815/309/276
f 807/298/277 823/310/277 808/300/277
f 801/301/278 815/309/278 816/311/278
f 794/303/279 628/312/279 809/313/279
f 854/314/280 808/300/280 823/310/280
f 801/301/281 817/315/281 802/288/281
f 795/289/282 809/313/282 810/316/282
f 802/288/283 818/317/283 803/290/283
f 795/289/284 811/318/284 796/291/284
f 804/292/285 818/317/285 819/319/285
f 796/291/286 812/320/286 797/293/286
f 804/292/287 820/305/287 805/294/287
f 798/295/288 812/320/288 813/321/288
f 817/315/289 833/322/289 818/317/289
f 810/316/553 826/323/553 811/318/553
f 819/319/291 833/322/291 834/324/291
f 811/318/292 827/325/292 812/320/292
f 819/319/293 835/326/293 820/305/293
f 813/321/294 827/325/294 828/327/294
f 821/306/295 835/326/295 836/328/295
f 813/321/296 829/329/296 814/307/296
f 822/308/297 836/328/297 837/330/297
f 815/309/298 829/329/298 830/331/298
f 822/308/299 838/332/299 823/310/299
f 816/311/300 830/331/300 831/333/300
f 809/313/301 628/334/301 824/335/301
f 854/336/302 823/310/302 838/332/302
f 816/311/303 832/337/303 817/315/303
f 810/316/304 824/335/304 825/338/304
f 836/328/305 852/339/305 837/330/305
f 830/331/306 844/340/306 845/341/306
f 837/330/554 853/342/554 838/332/554
f 831/333/308 845/341/308 846/343/308
f 824/335/309 628/344/309 839/345/309
f 854/346/310 838/332/310 853/342/310
f 831/333/311 847/347/311 832/337/311
f 824/335/312 840/348/312 825/338/312
f 832/337/313 848/349/313 833/322/313
f 825/338/314 841/350/314 826/323/314
f 834/324/315 848/349/315 849/351/315
f 826/323/316 842/352/316 827/325/316
f 834/324/317 850/353/317 835/326/317
f 828/327/318 842/352/318 843/354/318
f 836/328/319 850/353/319 851/355/319
f 828/327/320 844/340/320 829/329/320
f 840/348/321 857/356/321 841/350/321
f 849/351/322 864/357/322 865/358/322
f 841/350/323 858/359/323 842/352/323
f 849/351/324 866/360/324 850/353/324
f 843/354/325 858/359/325 859/361/325
f 851/355/326 866/360/326 867/362/326
f 843/354/327 860/363/327 844/340/327
f 851/355/328 868/364/328 852/339/328
f 845/341/329 860/363/329 861/365/329
f 852/339/555 869/366/555 853/342/555
f 846/343/331 861/365/331 862/367/331
f 839/345/332 628/368/332 855/369/332
f 854/370/333 853/342/333 869/366/333
f 846/343/334 863/371/334 847/347/334
f 839/345/335 856/372/335 840/348/335
f 847/347/336 864/357/336 848/349/336
f 861/365/337 875/373/337 876/374/337
f 868/364/338 884/375/338 869/366/338
f 862/367/339 876/374/339 877/376/339
f 855/369/340 628/377/340 870/378/340
f 854/379/341 869/366/341 884/375/341
f 862/367/342 878/380/342 863/371/342
f 855/369/343 871/381/343 856/372/343
f 863/371/344 879/382/344 864/357/344
f 856/372/345 872/383/345 857/356/345
f 865/358/346 879/382/346 880/384/346
f 857/356/347 873/385/347 858/359/347
f 865/358/348 881/386/348 866/360/348
f 859/361/349 873/385/349 874/387/349
f 867/362/350 881/386/350 882/388/350
f 859/361/351 875/373/351 860/363/351
f 867/362/556 883/389/556 868/364/556
f 880/384/353 894/390/353 895/391/353
f 872/383/354 888/392/354 873/385/354
f 880/384/355 896/393/355 881/386/355
f 874/387/356 888/392/356 889/394/356
f 882/388/357 896/393/357 897/395/357
f 874/387/358 890/396/358 875/373/358
f 882/388/359 898/397/359 883/389/359
f 876/374/360 890/396/360 891/398/360
f 884/375/361 898/397/361 899/399/361
f 877/376/362 891/398/362 892/400/362
f 870/378/363 628/401/363 885/402/363
f 854/403/364 884/375/364 899/399/364
f 877/376/365 893/404/365 878/380/365
f 871/381/366 885/402/366 886/405/366
f 878/380/367 894/390/367 879/382/367
f 871/381/368 887/406/368 872/383/368
f 898/397/369 914/407/369 899/399/369
f 892/400/370 906/408/370 907/409/370
f 885/402/371 628/410/371 900/411/371
f 854/412/372 899/399/372 914/407/372
f 892/400/373 908/413/373 893/404/373
f 885/402/374 901/414/374 886/405/374
f 893/404/375 909/415/375 894/390/375
f 887/406/376 901/414/376 902/416/376
f 895/391/377 909/415/377 910/417/377
f 887/406/378 903/418/378 888/392/378
f 895/391/379 911/419/379 896/393/379
f 889/394/380 903/418/380 904/420/380
f 897/395/381 911/419/381 912/421/381
f 889/394/382 905/422/382 890/396/382
f 897/395/383 913/423/383 898/397/383
f 891/398/384 905/422/384 906/408/384
f 902/424/385 918/425/385 903/426/385
f 910/427/386 926/428/386 911/429/386
f 904/430/387 918/425/387 919/431/387
f 912/432/388 926/428/388 927/433/388
f 904/430/389 920/434/389 905/435/389
f 912/432/390 928/436/390 913/437/390
f 906/438/391 920/434/391 921/439/391
f 913/437/392 929/440/392 914/441/392
f 907/442/393 921/439/393 922/443/393
f 900/444/394 628/445/394 915/446/394
f 854/447/395 914/441/395 929/440/395
f 907/442/396 923/448/396 908/449/396
f 900/444/397 916/450/397 901/451/397
f 908/449/398 924/452/398 909/453/398
f 902/424/399 916/450/399 917/454/399
f 910/427/400 924/452/400 925/455/400
f 922/443/401 936/456/401 937/457/401
f 915/446/402 628/458/402 930/459/402
f 854/460/403 929/440/403 944/461/403
f 922/443/404 938/462/404 923/448/404
f 915/446/405 931/463/405 916/450/405
f 923/448/406 939/464/406 924/452/406
f 916/450/407 932/465/407 917/454/407
f 925/455/408 939/464/408 940/466/408
f 917/454/409 933/467/409 918/425/409
f 925/455/410 941/468/410 926/428/410
f 919/431/411 933/467/411 934/469/411
f 927/433/412 941/468/412 942/470/412
f 919/431/413 935/471/413 920/434/413
f 927/433/414 943/472/414 928/436/414
f 921/439/415 935/471/415 936/456/415
f 928/436/416 944/461/416 929/440/416
f 940/466/417 956/473/417 941/468/417
f 934/469/418 948/474/418 949/475/418
f 942/470/419 956/473/419 957/476/419
f 934/469/420 950/477/420 935/471/420
f 942/470/421 958/478/421 943/472/421
f 936/456/422 950/477/422 951/479/422
f 943/472/423 959/480/423 944/461/423
f 937/457/424 951/479/424 952/481/424
f 930/459/425 628/482/425 945/483/425
f 854/484/426 944/461/426 959/480/426
f 937/457/427 953/485/427 938/462/427
f 930/459/428 946/486/428 931/463/428
f 938/462/429 954/487/429 939/464/429
f 932/465/430 946/486/430 947/488/430
f 940/466/431 954/487/431 955/489/431
f 932/465/432 948/474/432 933/467/432
f 854/490/433 959/480/433 974/491/433
f 952/481/434 968/492/434 953/485/434
f 946/486/435 960/506/435 961/493/435
f 953/485/436 969/494/436 954/487/436
f 947/488/437 961/493/437 962/495/437
f 955/489/438 969/494/438 970/496/438
f 947/488/439 963/497/439 948/474/439
f 955/489/440 971/498/440 956/473/440
f 949/475/441 963/497/441 964/499/441
f 957/476/442 971/498/442 972/500/442
f 949/475/443 965/501/443 950/477/443
f 957/476/444 973/502/444 958/478/444
f 951/479/445 965/501/445 966/503/445
f 958/478/446 974/491/446 959/480/446
f 952/481/447 966/503/447 967/504/447
f 945/483/448 628/505/448 960/506/448
f 972/500/449 986/507/449 987/508/449
f 964/499/450 980/509/450 965/501/450
f 972/500/451 988/510/451 973/502/451
f 966/503/452 980/509/452 981/511/452
f 973/502/453 989/512/453 974/491/453
f 967/504/454 981/511/454 982/513/454
f 960/506/455 628/514/455 975/515/455
f 854/516/456 974/491/456 989/512/456
f 967/504/457 983/517/457 968/492/457
f 960/506/458 976/518/458 961/493/458
f 968/492/459 984/519/459 969/494/459
f 962/495/460 976/518/460 977/520/460
f 970/496/461 984/519/461 985/521/461
f 962/495/462 978/522/462 963/497/462
f 970/496/463 986/507/463 971/498/463
f 964/499/464 978/522/464 979/523/464
f 975/515/465 991/525/465 976/518/465
f 983/517/466 999/526/466 984/519/466
f 977/520/467 991/525/467 992/527/467
f 985/521/468 999/526/468 1000/528/468
f 977/520/469 993/529/469 978/522/469
f 985/521/470 1001/530/470 986/507/470
f 979/523/471 993/529/471 994/531/471
f 987/508/472 1001/530/472 1002/532/472
f 979/523/473 995/533/473 980/509/473
f 987/508/474 1003/534/474 988/510/474
f 981/511/475 995/533/475 996/535/475
f 988/510/476 1004/536/476 989/512/476
f 982/513/477 996/535/477 997/537/477
f 975/515/478 628/538/478 990/524/478
f 854/539/479 989/512/479 1004/536/479
f 982/513/480 998/540/480 983/517/480
f 994/531/481 1010/541/481 995/533/481
f 1002/532/482 1018/542/482 1003/534/482
f 996/535/483 1010/541/483 1011/543/483
f 1004/536/557 1018/542/557 1019/544/557
f 997/537/485 1011/543/485 1012/545/485
f 990/524/486 628/546/486 1005/547/486
f 854/548/487 1004/536/487 1019/544/487
f 997/537/488 1013/549/488 998/540/488
f 990/524/489 1006/550/489 991/525/489
f 998/540/490 1014/551/490 999/526/490
f 992/527/491 1006/550/491 1007/552/491
f 1000/528/492 1014/551/492 1015/553/492
f 992/527/493 1008/554/493 993/529/493
f 1000/528/494 1016/555/494 1001/530/494
f 994/531/495 1008/554/495 1009/556/495
f 1002/532/496 1016/555/496 1017/557/496
f 1013/549/497 1024/6/497 1014/551/497
f 1007/552/498 1021/1/498 547/7/498
f 1014/551/499 552/10/499 1015/553/499
f 1008/554/500 547/7/500 1022/11/500
f 1015/553/501 1025/14/501 1016/555/501
f 1009/556/502 1022/11/502 548/15/502
f 1017/557/503 1025/14/503 1026/18/503
f 1010/541/504 548/15/504 1023/19/504
f 1018/542/505 1026/18/505 1027/22/505
f 1011/543/506 1023/19/506 549/23/506
f 1018/542/507 1028/26/507 1019/544/507
f 1012/545/508 549/23/508 550/28/508
f 1005/547/509 628/558/509 1020/29/509
f 854/559/510 1019/544/510 1028/26/510
f 1012/545/511 551/4/511 1013/549/511
f 1005/547/512 1021/1/512 1006/550/512
f 475/1/1 474/29/1 7/2/1
f 5/4/2 15/32/2 16/5/2
f 1/7/3 475/1/3 8/3/3
f 478/6/4 16/5/4 17/9/4
f 476/11/5 1/7/5 9/8/5
f 6/10/6 17/9/6 18/13/6
f 2/15/7 476/11/7 10/12/7
f 479/14/8 18/13/8 19/17/8
f 477/19/9 2/15/9 11/16/9
f 480/18/10 19/17/10 20/21/10
f 3/23/11 477/19/11 12/20/11
f 481/22/12 20/21/12 21/25/12
f 3/23/558 13/24/558 14/27/558
f 4/28/559 14/27/559 15/32/559
f 14/27/19 29/49/19 30/37/19
f 7/2/20 22/34/20 23/38/20
f 15/32/21 30/37/21 31/39/21
f 8/3/22 23/38/22 24/40/22
f 16/5/23 31/39/23 32/41/23
f 9/8/24 24/40/24 25/42/24
f 17/9/25 32/41/25 33/43/25
f 10/12/26 25/42/26 26/44/26
f 19/17/27 18/13/27 33/43/27
f 11/16/28 26/44/28 27/46/28
f 20/21/29 19/17/29 34/45/29
f 13/24/30 12/20/30 27/46/30
f 20/21/31 35/47/31 36/36/31
f 13/24/32 28/48/32 29/49/32
f 25/42/33 40/66/33 41/50/33
f 34/45/34 33/43/34 48/51/34
f 26/44/35 41/50/35 42/53/35
f 34/45/547 49/52/547 50/54/547
f 27/46/37 42/53/37 43/55/37
f 35/47/38 50/54/38 51/56/38
f 28/48/39 43/55/39 44/57/39
f 30/37/42 29/49/42 44/57/42
f 22/34/43 37/59/43 38/62/43
f 30/37/44 45/61/44 46/63/44
f 23/38/560 38/62/560 39/64/560
f 32/41/46 31/39/46 46/63/46
f 24/40/47 39/64/47 40/66/47
f 33/43/48 32/41/48 47/65/48
f 44/57/49 59/80/49 60/67/49
f 37/59/50 52/82/50 53/68/50
f 45/61/51 60/67/51 61/69/51
f 38/62/52 53/68/52 54/70/52
f 47/65/53 46/63/53 61/69/53
f 39/64/54 54/70/54 55/72/54
f 47/65/55 62/71/55 63/73/55
f 40/66/56 55/72/56 56/74/56
f 48/51/57 63/73/57 64/75/57
f 41/50/58 56/74/58 57/76/58
f 49/52/59 64/75/59 65/77/59
f 43/55/60 42/53/60 57/76/60
f 50/54/61 65/77/61 66/79/61
f 44/57/62 43/55/62 58/78/62
f 63/73/65 78/99/65 79/84/65
f 56/74/66 71/100/66 72/85/66
f 65/77/67 64/75/67 79/84/67
f 58/78/68 57/76/68 72/85/68
f 65/77/549 80/86/549 81/88/549
f 59/80/70 58/78/70 73/87/70
f 59/80/73 74/89/73 75/93/73
f 52/82/74 67/91/74 68/94/74
f 60/67/75 75/93/75 76/95/75
f 53/68/76 68/94/76 69/96/76
f 62/71/77 61/69/77 76/95/77
f 54/70/78 69/96/78 70/98/78
f 62/71/79 77/97/79 78/99/79
f 56/74/80 55/72/80 70/98/80
f 67/91/81 83/115/81 84/101/81
f 75/93/82 91/117/82 92/102/82
f 68/94/83 84/101/83 85/103/83
f 77/97/84 76/95/84 92/102/84
f 69/96/85 85/103/85 86/105/85
f 77/97/86 93/104/86 94/106/86
f 71/100/87 70/98/87 86/105/87
f 78/99/88 94/106/88 95/108/88
f 71/100/89 87/107/89 88/109/89
f 79/84/90 95/108/90 96/110/90
f 73/87/91 72/85/91 88/109/91
f 81/88/92 80/86/92 96/110/92
f 74/89/93 73/87/93 89/111/93
f 74/89/96 90/113/96 91/117/96
f 87/107/97 102/134/97 103/118/97
f 96/110/98 95/108/98 110/119/98
f 89/111/99 88/109/99 103/118/99
f 96/110/100 111/120/100 112/122/100
f 90/113/101 89/111/101 104/121/101
f 90/113/104 105/123/104 106/127/104
f 84/101/105 83/115/105 98/125/105
f 91/117/106 106/127/106 107/129/106
f 84/101/107 99/128/107 100/130/107
f 93/104/108 92/102/108 107/129/108
f 85/103/109 100/130/109 101/132/109
f 93/104/110 108/131/110 109/133/110
f 87/107/111 86/105/111 101/132/111
f 95/108/112 94/106/112 109/133/112
f 106/127/113 121/150/113 122/135/113
f 99/128/114 114/151/114 115/136/114
f 108/131/115 107/129/115 122/135/115
f 100/130/116 115/136/116 116/138/116
f 108/131/117 123/137/117 124/139/117
f 102/134/118 101/132/118 116/138/118
f 110/119/119 109/133/119 124/139/119
f 102/134/120 117/140/120 118/142/120
f 110/119/121 125/141/121 126/143/121
f 104/121/122 103/118/122 118/142/122
f 111/120/123 126/143/123 127/145/123
f 105/123/124 104/121/124 119/144/124
f 105/123/127 120/146/127 121/150/127
f 99/128/128 98/125/128 113/148/128
f 125/141/129 140/168/129 141/152/129
f 119/144/130 118/142/130 133/153/130
f 126/143/131 141/152/131 142/155/131
f 120/146/132 119/144/132 134/154/132
f 120/146/135 135/156/135 136/160/135
f 113/148/136 128/158/136 129/161/136
f 121/150/137 136/160/137 137/162/137
f 114/151/138 129/161/138 130/163/138
f 123/137/139 122/135/139 137/162/139
f 115/136/140 130/163/140 131/165/140
f 123/137/141 138/164/141 139/166/141
f 117/140/142 116/138/142 131/165/142
f 125/141/143 124/139/143 139/166/143
f 117/140/144 132/167/144 133/153/144
f 138/164/145 137/162/145 152/169/145
f 130/163/146 145/185/146 146/171/146
f 138/164/147 153/170/147 154/172/147
f 132/167/148 131/165/148 146/171/148
f 140/168/149 139/166/149 154/172/149
f 132/167/150 147/173/150 148/175/150
f 140/168/151 155/174/151 156/176/151
f 134/154/152 133/153/152 148/175/152
f 142/155/153 141/152/153 156/176/153
f 135/156/154 134/154/154 149/177/154
f 135/156/157 150/179/157 151/183/157
f 128/158/158 143/181/158 144/184/158
f 136/160/159 151/183/159 152/169/159
f 130/163/160 129/161/160 144/184/160
f 156/176/161 171/202/161 172/186/161
f 150/179/162 149/177/162 164/187/162
f 150/179/165 165/188/165 166/192/165
f 143/181/166 158/190/166 159/193/166
f 151/183/167 166/192/167 167/194/167
f 145/185/561 144/184/561 159/193/561
f 153/170/169 152/169/169 167/194/169
f 145/185/170 160/195/170 161/197/170
f 153/170/171 168/196/171 169/198/171
f 147/173/172 146/171/172 161/197/172
f 155/174/173 154/172/173 169/198/173
f 147/173/174 162/199/174 163/201/174
f 155/174/562 170/200/562 171/202/562
f 149/177/176 148/175/176 163/201/176
f 160/195/177 175/218/177 176/203/177
f 168/196/178 183/219/178 184/204/178
f 162/199/179 161/197/179 176/203/179
f 169/198/180 184/204/180 185/206/180
f 162/199/181 177/205/181 178/207/181
f 171/202/182 170/200/182 185/206/182
f 164/187/183 163/201/183 178/207/183
f 172/186/184 171/202/184 186/208/184
f 165/188/185 164/187/185 179/209/185
f 165/188/188 180/211/188 181/215/188
f 158/190/189 173/213/189 174/216/189
f 166/192/190 181/215/190 182/217/190
f 159/193/191 174/216/191 175/218/191
f 168/196/192 167/194/192 182/217/192
f 180/211/193 179/209/193 194/220/193
f 180/211/196 195/221/196 196/226/196
f 174/216/197 173/213/197 188/223/197
f 181/215/198 196/226/198 197/228/198
f 175/218/199 174/216/199 189/227/199
f 183/219/200 182/217/200 197/228/200
f 175/218/201 190/229/201 191/231/201
f 183/219/202 198/230/202 199/232/202
f 177/205/203 176/203/203 191/231/203
f 185/206/204 184/204/204 199/232/204
f 177/205/205 192/233/205 193/235/205
f 185/206/206 200/234/206 201/236/206
f 179/209/207 178/207/207 193/235/207
f 186/208/208 201/236/208 202/225/208
f 198/230/209 213/253/209 214/237/209
f 192/233/210 191/231/210 206/238/210
f 200/234/211 199/232/211 214/237/211
f 192/233/212 207/239/212 208/241/212
f 200/234/563 215/240/563 216/242/563
f 194/220/214 193/235/214 208/241/214
f 201/236/215 216/242/215 217/244/215
f 195/221/216 194/220/216 209/243/216
f 195/221/219 210/245/219 211/249/219
f 188/223/220 203/247/220 204/250/220
f 196/226/221 211/249/221 212/251/221
f 189/227/222 204/250/222 205/252/222
f 198/230/223 197/228/223 212/251/223
f 190/229/224 205/252/224 206/238/224
f 210/245/227 225/270/227 226/258/227
f 203/247/228 218/255/228 219/259/228
f 211/249/229 226/258/229 227/260/229
f 204/250/230 219/259/230 220/261/230
f 213/253/231 212/251/231 227/260/231
f 205/252/232 220/261/232 221/263/232
f 213/253/233 228/262/233 229/264/233
f 207/239/234 206/238/234 221/263/234
f 215/240/235 214/237/235 229/264/235
f 207/239/236 222/265/236 223/267/236
f 215/240/237 230/266/237 231/268/237
f 209/243/238 208/241/238 223/267/238
f 216/242/239 231/268/239 232/257/239
f 210/245/240 209/243/240 224/269/240
f 222/265/241 221/263/241 236/271/241
f 230/266/242 229/264/242 244/273/242
f 222/265/243 237/272/243 238/275/243
f 230/266/244 245/274/244 246/276/244
f 224/269/245 223/267/245 238/275/245
f 232/257/246 231/268/246 246/276/246
f 225/270/247 224/269/247 239/277/247
f 225/270/250 240/279/250 241/283/250
f 218/255/251 233/281/251 234/284/251
f 226/258/252 241/283/252 242/285/252
f 220/261/253 219/259/253 234/284/253
f 228/262/254 227/260/254 242/285/254
f 220/261/255 235/286/255 236/271/255
f 228/262/256 243/287/256 244/273/256
f 240/279/564 255/301/564 256/288/564
f 233/281/258 248/303/258 249/289/258
f 241/283/259 256/288/259 257/290/259
f 234/284/260 249/289/260 250/291/260
f 243/287/261 242/285/261 257/290/261
f 235/286/262 250/291/262 251/293/262
f 243/287/263 258/292/263 259/294/263
f 237/272/264 236/271/264 251/293/264
f 245/274/265 244/273/265 259/294/265
f 237/272/266 252/295/266 253/297/266
f 245/274/267 260/296/267 261/298/267
f 239/277/268 238/275/268 253/297/268
f 246/276/269 261/298/269 262/300/269
f 240/279/565 239/277/565 254/299/565
f 260/296/273 259/294/273 274/305/273
f 252/295/274 267/321/274 268/307/274
f 260/296/275 275/306/275 276/308/275
f 254/299/276 253/297/276 268/307/276
f 261/298/277 276/308/277 277/310/277
f 255/301/278 254/299/278 269/309/278
f 255/301/281 270/311/281 271/315/281
f 249/289/282 248/303/282 263/313/282
f 256/288/283 271/315/283 272/317/283
f 249/289/284 264/316/284 265/318/284
f 258/292/285 257/290/285 272/317/285
f 250/291/286 265/318/286 266/320/286
f 258/292/287 273/319/287 274/305/287
f 252/295/288 251/293/288 266/320/288
f 271/315/289 286/337/289 287/322/289
f 264/316/553 279/338/553 280/323/553
f 273/319/291 272/317/291 287/322/291
f 265/318/292 280/323/292 281/325/292
f 273/319/293 288/324/293 289/326/293
f 267/321/294 266/320/294 281/325/294
f 275/306/295 274/305/295 289/326/295
f 267/321/296 282/327/296 283/329/296
f 275/306/566 290/328/566 291/330/566
f 269/309/298 268/307/298 283/329/298
f 277/310/299 276/308/299 291/330/299
f 270/311/300 269/309/300 284/331/300
f 270/311/303 285/333/303 286/337/303
f 264/316/304 263/313/304 278/335/304
f 290/328/305 305/355/305 306/339/305
f 284/331/306 283/329/306 298/340/306
f 292/332/307 291/330/307 306/339/307
f 285/333/308 284/331/308 299/341/308
f 285/333/311 300/343/311 301/347/311
f 278/335/312 293/345/312 294/348/312
f 286/337/313 301/347/313 302/349/313
f 279/338/314 294/348/314 295/350/314
f 288/324/315 287/322/315 302/349/315
f 280/323/316 295/350/316 296/352/316
f 288/324/317 303/351/317 304/353/317
f 282/327/318 281/325/318 296/352/318
f 290/328/319 289/326/319 304/353/319
f 282/327/320 297/354/320 298/340/320
f 294/348/321 310/372/321 311/356/321
f 303/351/322 302/349/322 318/357/322
f 295/350/323 311/356/323 312/359/323
f 303/351/324 319/358/324 320/360/324
f 297/354/325 296/352/325 312/359/325
f 305/355/326 304/353/326 320/360/326
f 297/354/327 313/361/327 314/363/327
f 305/355/328 321/362/328 322/364/328
f 299/341/329 298/340/329 314/363/329
f 306/339/555 322/364/555 323/366/555
f 300/343/331 299/341/331 315/365/331
f 300/343/334 316/367/334 317/371/334
f 293/345/335 309/369/335 310/372/335
f 301/347/336 317/371/336 318/357/336
f 315/365/337 314/363/337 329/373/337
f 322/364/338 337/389/338 338/375/338
f 316/367/339 315/365/339 330/374/339
f 316/367/342 331/376/342 332/380/342
f 309/369/343 324/378/343 325/381/343
f 317/371/344 332/380/344 333/382/344
f 310/372/345 325/381/345 326/383/345
f 319/358/346 318/357/346 333/382/346
f 311/356/347 326/383/347 327/385/347
f 319/358/348 334/384/348 335/386/348
f 312/359/349 327/385/349 328/387/349
f 321/362/350 320/360/350 335/386/350
f 313/361/351 328/387/351 329/373/351
f 321/362/556 336/388/556 337/389/556
f 334/384/353 333/382/353 348/390/353
f 326/383/354 341/406/354 342/392/354
f 334/384/355 349/391/355 350/393/355
f 328/387/356 327/385/356 342/392/356
f 336/388/357 335/386/357 350/393/357
f 328/387/358 343/394/358 344/396/358
f 336/388/359 351/395/359 352/397/359
f 330/374/360 329/373/360 344/396/360
f 337/389/361 352/397/361 353/399/361
f 331/376/362 330/374/362 345/398/362
f 331/376/365 346/400/365 347/404/365
f 324/378/366 339/402/366 340/405/366
f 332/380/367 347/404/367 348/390/367
f 325/381/368 340/405/368 341/406/368
f 352/397/369 367/423/369 368/407/369
f 346/400/567 345/398/567 360/408/567
f 346/400/568 361/409/568 362/413/568
f 339/402/374 354/411/374 355/414/374
f 347/404/375 362/413/375 363/415/375
f 341/406/376 340/405/376 355/414/376
f 349/391/377 348/390/377 363/415/377
f 341/406/378 356/416/378 357/418/378
f 349/391/379 364/417/379 365/419/379
f 343/394/380 342/392/380 357/418/380
f 351/395/381 350/393/381 365/419/381
f 343/394/382 358/420/382 359/422/382
f 351/395/383 366/421/383 367/423/383
f 345/398/384 344/396/384 359/422/384
f 356/424/385 371/454/385 372/425/385
f 364/427/386 379/455/386 380/428/386
f 358/430/387 357/426/387 372/425/387
f 366/432/388 365/429/388 380/428/388
f 358/430/389 373/431/389 374/434/389
f 366/432/390 381/433/390 382/436/390
f 360/438/391 359/435/391 374/434/391
f 367/437/392 382/436/392 383/440/392
f 361/442/569 360/438/569 375/439/569
f 361/442/570 376/443/570 377/448/570
f 354/444/397 369/446/397 370/450/397
f 362/449/398 377/448/398 378/452/398
f 356/424/399 355/451/399 370/450/399
f 364/427/400 363/453/400 378/452/400
f 376/443/401 375/439/401 390/456/401
f 376/443/404 391/457/404 392/462/404
f 369/446/405 384/459/405 385/463/405
f 377/448/406 392/462/406 393/464/406
f 371/454/407 370/450/407 385/463/407
f 379/455/408 378/452/408 393/464/408
f 371/454/409 386/465/409 387/467/409
f 379/455/410 394/466/410 395/468/410
f 373/431/411 372/425/411 387/467/411
f 381/433/412 380/428/412 395/468/412
f 373/431/413 388/469/413 389/471/413
f 381/433/414 396/470/414 397/472/414
f 375/439/415 374/434/415 389/471/415
f 382/436/416 397/472/416 398/461/416
f 394/466/417 409/489/417 410/473/417
f 388/469/418 387/467/418 402/474/418
f 396/470/419 395/468/419 410/473/419
f 388/469/420 403/475/420 404/477/420
f 397/472/421 396/470/421 411/476/421
f 390/456/422 389/471/422 404/477/422
f 397/472/423 412/478/423 413/480/423
f 391/457/424 390/456/424 405/479/424
f 391/457/427 406/481/427 407/485/427
f 385/463/428 384/459/428 399/483/428
f 392/462/429 407/485/429 408/487/429
f 385/463/430 400/486/430 401/488/430
f 394/466/431 393/464/431 408/487/431
f 386/465/432 401/488/432 402/474/432
f 406/481/434 421/504/434 422/492/434
f 399/483/435 414/506/435 415/493/435
f 407/485/436 422/492/436 423/494/436
f 401/488/437 400/486/437 415/493/437
f 409/489/438 408/487/438 423/494/438
f 401/488/439 416/495/439 417/497/439
f 409/489/440 424/496/440 425/498/440
f 403/475/441 402/474/441 417/497/441
f 411/476/442 410/473/442 425/498/442
f 403/475/443 418/499/443 419/501/443
f 411/476/444 426/500/444 427/502/444
f 405/479/445 404/477/445 419/501/445
f 412/478/446 427/502/446 428/491/446
f 406/481/447 405/479/447 420/503/447
f 426/500/449 425/498/449 440/507/449
f 418/499/450 433/523/450 434/509/450
f 426/500/451 441/508/451 442/510/451
f 420/503/452 419/501/452 434/509/452
f 427/502/453 442/510/453 443/512/453
f 421/504/454 420/503/454 435/511/454
f 421/504/457 436/513/457 437/517/457
f 414/506/458 429/515/458 430/518/458
f 422/492/459 437/517/459 438/519/459
f 416/495/460 415/493/460 430/518/460
f 424/496/461 423/494/461 438/519/461
f 416/495/462 431/520/462 432/522/462
f 424/496/463 439/521/463 440/507/463
f 418/499/464 417/497/464 432/522/464
f 430/518/465 429/515/465 444/524/465
f 437/517/466 452/540/466 453/526/466
f 430/518/467 445/525/467 446/527/467
f 439/521/468 438/519/468 453/526/468
f 431/520/469 446/527/469 447/529/469
f 439/521/470 454/528/470 455/530/470
f 433/523/471 432/522/471 447/529/471
f 441/508/472 440/507/472 455/530/472
f 433/523/473 448/531/473 449/533/473
f 441/508/474 456/532/474 457/534/474
f 435/511/475 434/509/475 449/533/475
f 442/510/476 457/534/476 458/536/476
f 436/513/477 435/511/477 450/535/477
f 436/513/480 451/537/480 452/540/480
f 448/531/481 463/556/481 464/541/481
f 456/532/482 471/557/482 472/542/482
f 450/535/483 449/533/483 464/541/483
f 458/536/484 457/534/484 472/542/484
f 451/537/485 450/535/485 465/543/485
f 451/537/488 466/545/488 467/549/488
f 444/524/489 459/547/489 460/550/489
f 452/540/490 467/549/490 468/551/490
f 446/527/491 445/525/491 460/550/491
f 454/528/492 453/526/492 468/551/492
f 446/527/493 461/552/493 462/554/493
f 454/528/494 469/553/494 470/555/494
f 448/531/495 447/529/495 462/554/495
f 456/532/496 455/530/496 470/555/496
f 467/549/497 5/4/497 478/6/497
f 461/552/498 460/550/498 475/1/498
f 468/551/499 478/6/499 6/10/499
f 462/554/500 461/552/500 1/7/500
f 469/553/501 6/10/501 479/14/501
f 463/556/502 462/554/502 476/11/502
f 471/557/503 470/555/503 479/14/503
f 464/541/504 463/556/504 2/15/504
f 471/557/505 480/18/505 481/22/505
f 465/543/506 464/541/506 477/19/506
f 472/542/507 481/22/507 482/26/507
f 466/545/508 465/543/508 3/23/508
f 466/545/511 4/28/511 5/4/511
f 460/550/512 459/547/512 474/29/512
f 484/560/513 486/562/513 485/561/513
f 486/562/514 488/564/514 487/563/514
f 488/564/515 490/566/515 489/565/515
f 490/566/516 492/568/516 491/567/516
f 492/568/517 494/570/517 493/569/517
f 494/570/518 496/572/518 495/571/518
f 496/572/519 498/574/519 497/573/519
f 498/574/520 500/575/520 499/28/520
f 500/575/521 502/576/521 501/27/521
f 502/576/522 504/577/522 503/49/522
f 504/577/523 506/578/523 505/57/523
f 506/578/524 508/579/524 507/80/524
f 508/579/525 510/580/525 509/89/525
f 510/580/526 512/581/526 511/113/526
f 512/581/527 514/582/527 513/123/527
f 514/582/528 516/584/528 515/583/528
f 516/584/529 518/586/529 517/585/529
f 518/586/530 520/588/530 519/587/530
f 520/588/531 522/590/531 521/589/531
f 522/590/532 524/592/532 523/591/532
f 524/592/533 526/594/533 525/593/533
f 526/594/534 528/596/534 527/595/534
f 528/596/535 530/598/535 529/597/535
f 530/598/536 532/600/536 531/599/536
f 532/600/537 534/602/537 533/601/537
f 534/602/538 536/604/538 535/603/538
f 536/604/539 538/606/539 537/605/539
f 538/606/540 540/608/540 539/607/540
f 540/608/541 542/610/541 541/609/541
f 542/610/542 544/615/542 543/611/542
f 488/614/543 486/621/543 484/622/543
f 484/622/543 546/623/543 544/624/543
f 544/624/543 542/625/543 540/626/543
f 540/626/543 538/627/543 536/628/543
f 536/628/543 534/629/543 532/630/543
f 532/630/543 530/631/543 528/632/543
f 528/632/543 526/633/543 524/634/543
f 524/634/543 522/635/543 520/612/543
f 520/612/543 518/636/543 516/637/543
f 516/637/543 514/638/543 512/639/543
f 512/639/543 510/640/543 508/641/543
f 508/641/543 506/642/543 504/613/543
f 504/613/543 502/643/543 500/644/543
f 500/644/543 498/645/543 496/646/543
f 496/646/543 494/647/543 492/648/543
f 492/648/543 490/649/543 488/614/543
f 488/614/543 484/622/543 544/624/543
f 544/624/543 540/626/543 536/628/543
f 536/628/543 532/630/543 528/632/543
f 528/632/543 524/634/543 520/612/543
f 520/612/543 516/637/543 512/639/543
f 512/639/543 508/641/543 504/613/543
f 504/613/543 500/644/543 496/646/543
f 496/646/543 492/648/543 488/614/543
f 488/614/543 544/624/543 536/628/543
f 536/628/543 528/632/543 520/612/543
f 520/612/543 512/639/543 504/613/543
f 504/613/543 496/646/543 488/614/543
f 488/614/543 536/628/543 520/612/543
f 544/615/544 546/617/544 545/616/544
f 546/617/545 484/650/545 483/409/545
f 545/620/546 483/651/546 485/652/546
f 485/652/546 487/653/546 489/654/546
f 489/654/546 491/655/546 493/656/546
f 493/656/546 495/657/546 497/658/546
f 497/658/546 499/659/546 501/660/546
f 501/660/546 503/661/546 505/662/546
f 505/662/546 507/663/546 509/664/546
f 509/664/546 511/665/546 513/618/546
f 513/618/546 515/666/546 517/667/546
f 517/667/546 519/668/546 521/669/546
f 521/669/546 523/670/546 525/671/546
f 525/671/546 527/672/546 529/619/546
f 529/619/546 531/673/546 533/674/546
f 533/674/546 535/675/546 537/676/546
f 537/676/546 539/677/546 541/678/546
f 541/678/546 543/679/546 545/620/546
f 545/620/546 485/652/546 489/654/546
f 489/654/546 493/656/546 497/658/546
f 497/658/546 501/660/546 505/662/546
f 505/662/546 509/664/546 513/618/546
f 513/618/546 517/667/546 521/669/546
f 521/669/546 525/671/546 529/619/546
f 529/619/546 533/674/546 537/676/546
f 537/676/546 541/678/546 545/620/546
f 545/620/546 489/654/546 497/658/546
f 497/658/546 505/662/546 513/618/546
f 513/618/546 521/669/546 529/619/546
f 529/619/546 537/676/546 545/620/546
f 545/620/546 497/658/546 513/618/546
f 1021/1/1 1020/29/1 553/2/1
f 551/4/2 561/32/2 562/5/2
f 547/7/3 1021/1/3 554/3/3
f 1024/6/4 562/5/4 563/9/4
f 1022/11/5 547/7/5 555/8/5
f 1025/14/6 552/10/6 563/9/6
f 1022/11/7 556/12/7 557/16/7
f 1025/14/8 564/13/8 565/17/8
f 1023/19/9 548/15/9 557/16/9
f 1026/18/10 565/17/10 566/21/10
f 549/23/11 1023/19/11 558/20/11
f 1027/22/12 566/21/12 567/25/12
f 549/23/558 559/24/558 560/27/558
f 550/28/559 560/27/559 561/32/559
f 560/27/19 575/49/19 576/37/19
f 553/2/20 568/34/20 569/38/20
f 561/32/21 576/37/21 577/39/21
f 554/3/22 569/38/22 570/40/22
f 563/9/23 562/5/23 577/39/23
f 555/8/24 570/40/24 571/42/24
f 563/9/25 578/41/25 579/43/25
f 556/12/26 571/42/26 572/44/26
f 564/13/27 579/43/27 580/45/27
f 557/16/28 572/44/28 573/46/28
f 565/17/29 580/45/29 581/47/29
f 558/20/30 573/46/30 574/48/30
f 566/21/31 581/47/31 582/36/31
f 559/24/32 574/48/32 575/49/32
f 571/42/33 586/66/33 587/50/33
f 579/43/34 594/51/34 595/52/34
f 572/44/35 587/50/35 588/53/35
f 581/47/36 580/45/36 595/52/36
f 574/48/37 573/46/37 588/53/37
f 582/36/38 581/47/38 596/54/38
f 575/49/39 574/48/39 589/55/39
f 575/49/42 590/57/42 591/61/42
f 568/34/43 583/59/43 584/62/43
f 576/37/44 591/61/44 592/63/44
f 569/38/560 584/62/560 585/64/560
f 578/41/46 577/39/46 592/63/46
f 570/40/47 585/64/47 586/66/47
f 579/43/48 578/41/48 593/65/48
f 590/57/49 605/80/49 606/67/49
f 583/59/50 598/82/50 599/68/50
f 591/61/51 606/67/51 607/69/51
f 584/62/52 599/68/52 600/70/52
f 593/65/53 592/63/53 607/69/53
f 585/64/54 600/70/54 601/72/54
f 593/65/55 608/71/55 609/73/55
f 587/50/56 586/66/56 601/72/56
f 595/52/57 594/51/57 609/73/57
f 588/53/58 587/50/58 602/74/58
f 595/52/59 610/75/59 611/77/59
f 588/53/60 603/76/60 604/78/60
f 596/54/61 611/77/61 612/79/61
f 590/57/62 589/55/62 604/78/62
f 610/75/65 609/73/65 624/99/65
f 602/74/66 617/100/66 618/85/66
f 610/75/67 625/84/67 626/86/67
f 604/78/68 603/76/68 618/85/68
f 611/77/549 626/86/549 627/88/549
f 605/80/70 604/78/70 619/87/70
f 605/80/73 620/89/73 621/93/73
f 598/82/74 613/91/74 614/94/74
f 606/67/75 621/93/75 622/95/75
f 599/68/76 614/94/76 615/96/76
f 608/71/77 607/69/77 622/95/77
f 600/70/78 615/96/78 616/98/78
f 608/71/79 623/97/79 624/99/79
f 602/74/80 601/72/80 616/98/80
f 613/91/81 629/115/81 630/101/81
f 621/93/82 637/117/82 638/102/82
f 614/94/83 630/101/83 631/103/83
f 623/97/84 622/95/84 638/102/84
f 615/96/85 631/103/85 632/105/85
f 623/97/86 639/104/86 640/106/86
f 617/100/87 616/98/87 632/105/87
f 625/84/88 624/99/88 640/106/88
f 617/100/89 633/107/89 634/109/89
f 625/84/90 641/108/90 642/110/90
f 619/87/91 618/85/91 634/109/91
f 627/88/92 626/86/92 642/110/92
f 620/89/93 619/87/93 635/111/93
f 620/89/96 636/113/96 637/117/96
f 633/107/97 648/134/97 649/118/97
f 641/108/98 656/119/98 657/120/98
f 635/111/99 634/109/99 649/118/99
f 642/110/571 657/120/571 658/122/571
f 636/113/101 635/111/101 650/121/101
f 636/113/104 651/123/104 652/127/104
f 630/101/105 629/115/105 644/125/105
f 637/117/106 652/127/106 653/129/106
f 630/101/107 645/128/107 646/130/107
f 639/104/108 638/102/108 653/129/108
f 631/103/109 646/130/109 647/132/109
f 639/104/110 654/131/110 655/133/110
f 633/107/111 632/105/111 647/132/111
f 640/106/112 655/133/112 656/119/112
f 652/127/113 667/150/113 668/135/113
f 645/128/114 660/151/114 661/136/114
f 654/131/115 653/129/115 668/135/115
f 646/130/116 661/136/116 662/138/116
f 654/131/117 669/137/117 670/139/117
f 648/134/118 647/132/118 662/138/118
f 656/119/119 655/133/119 670/139/119
f 648/134/120 663/140/120 664/142/120
f 656/119/121 671/141/121 672/143/121
f 650/121/122 649/118/122 664/142/122
f 657/120/123 672/143/123 673/145/123
f 651/123/124 650/121/124 665/144/124
f 651/123/127 666/146/127 667/150/127
f 644/125/128 659/148/128 660/151/128
f 671/141/129 686/168/129 687/152/129
f 665/144/130 664/142/130 679/153/130
f 672/143/131 687/152/131 688/155/131
f 666/146/132 665/144/132 680/154/132
f 666/146/135 681/156/135 682/160/135
f 660/151/136 659/148/136 674/158/136
f 667/150/137 682/160/137 683/162/137
f 660/151/138 675/161/138 676/163/138
f 669/137/139 668/135/139 683/162/139
f 661/136/140 676/163/140 677/165/140
f 669/137/141 684/164/141 685/166/141
f 663/140/142 662/138/142 677/165/142
f 671/141/143 670/139/143 685/166/143
f 663/140/144 678/167/144 679/153/144
f 684/164/145 683/162/145 698/169/145
f 676/163/146 691/185/146 692/171/146
f 684/164/147 699/170/147 700/172/147
f 678/167/148 677/165/148 692/171/148
f 686/168/149 685/166/149 700/172/149
f 678/167/150 693/173/150 694/175/150
f 686/168/151 701/174/151 702/176/151
f 680/154/152 679/153/152 694/175/152
f 687/152/153 702/176/153 703/178/153
f 681/156/154 680/154/154 695/177/154
f 681/156/157 696/179/157 697/183/157
f 674/158/158 689/181/158 690/184/158
f 682/160/159 697/183/159 698/169/159
f 675/161/160 690/184/160 691/185/160
f 702/176/161 717/202/161 718/186/161
f 696/179/162 695/177/162 710/187/162
f 696/179/165 711/188/165 712/192/165
f 689/181/166 704/190/166 705/193/166
f 697/183/167 712/192/167 713/194/167
f 690/184/561 705/193/561 706/195/561
f 699/170/169 698/169/169 713/194/169
f 691/185/170 706/195/170 707/197/170
f 699/170/171 714/196/171 715/198/171
f 693/173/172 692/171/172 707/197/172
f 701/174/173 700/172/173 715/198/173
f 693/173/174 708/199/174 709/201/174
f 702/176/562 701/174/562 716/200/562
f 695/177/176 694/175/176 709/201/176
f 706/195/177 721/218/177 722/203/177
f 714/196/178 729/219/178 730/204/178
f 708/199/179 707/197/179 722/203/179
f 716/200/180 715/198/180 730/204/180
f 708/199/181 723/205/181 724/207/181
f 717/202/182 716/200/182 731/206/182
f 710/187/183 709/201/183 724/207/183
f 717/202/184 732/208/184 733/210/184
f 711/188/185 710/187/185 725/209/185
f 711/188/188 726/211/188 727/215/188
f 704/190/189 719/213/189 720/216/189
f 712/192/190 727/215/190 728/217/190
f 705/193/191 720/216/191 721/218/191
f 714/196/192 713/194/192 728/217/192
f 726/211/193 725/209/193 740/220/193
f 726/211/196 741/221/196 742/226/196
f 719/213/197 734/223/197 735/227/197
f 727/215/198 742/226/198 743/228/198
f 720/216/199 735/227/199 736/229/199
f 729/219/200 728/217/200 743/228/200
f 721/218/201 736/229/201 737/231/201
f 729/219/202 744/230/202 745/232/202
f 723/205/203 722/203/203 737/231/203
f 731/206/204 730/204/204 745/232/204
f 723/205/205 738/233/205 739/235/205
f 731/206/206 746/234/206 747/236/206
f 725/209/207 724/207/207 739/235/207
f 732/208/208 747/236/208 748/225/208
f 744/230/209 759/253/209 760/237/209
f 738/233/210 737/231/210 752/238/210
f 746/234/211 745/232/211 760/237/211
f 738/233/212 753/239/212 754/241/212
f 747/236/213 746/234/213 761/240/213
f 740/220/214 739/235/214 754/241/214
f 747/236/215 762/242/215 763/244/215
f 741/221/216 740/220/216 755/243/216
f 741/221/219 756/245/219 757/249/219
f 734/223/220 749/247/220 750/250/220
f 742/226/221 757/249/221 758/251/221
f 735/227/222 750/250/222 751/252/222
f 744/230/223 743/228/223 758/251/223
f 736/229/224 751/252/224 752/238/224
f 756/245/227 771/270/227 772/258/227
f 750/250/228 749/247/228 764/255/228
f 757/249/229 772/258/229 773/260/229
f 750/250/230 765/259/230 766/261/230
f 759/253/231 758/251/231 773/260/231
f 751/252/232 766/261/232 767/263/232
f 759/253/233 774/262/233 775/264/233
f 753/239/234 752/238/234 767/263/234
f 761/240/235 760/237/235 775/264/235
f 753/239/236 768/265/236 769/267/236
f 761/240/237 776/266/237 777/268/237
f 755/243/238 754/241/238 769/267/238
f 763/244/239 762/242/239 777/268/239
f 756/245/240 755/243/240 770/269/240
f 768/265/241 767/263/241 782/271/241
f 776/266/242 775/264/242 790/273/242
f 768/265/243 783/272/243 784/275/243
f 776/266/244 791/274/244 792/276/244
f 770/269/245 769/267/245 784/275/245
f 778/257/246 777/268/246 792/276/246
f 771/270/247 770/269/247 785/277/247
f 771/270/250 786/279/250 787/283/250
f 765/259/251 764/255/251 779/281/251
f 772/258/252 787/283/252 788/285/252
f 766/261/253 765/259/253 780/284/253
f 774/262/254 773/260/254 788/285/254
f 766/261/255 781/286/255 782/271/255
f 774/262/256 789/287/256 790/273/256
f 786/279/564 801/301/564 802/288/564
f 779/281/258 794/303/258 795/289/258
f 787/283/259 802/288/259 803/290/259
f 780/284/260 795/289/260 796/291/260
f 789/287/261 788/285/261 803/290/261
f 781/286/262 796/291/262 797/293/262
f 789/287/263 804/292/263 805/294/263
f 783/272/264 782/271/264 797/293/264
f 791/274/265 790/273/265 805/294/265
f 783/272/266 798/295/266 799/297/266
f 791/274/267 806/296/267 807/298/267
f 785/277/268 784/275/268 799/297/268
f 792/276/269 807/298/269 808/300/269
f 786/279/565 785/277/565 800/299/565
f 806/296/273 805/294/273 820/305/273
f 798/295/274 813/321/274 814/307/274
f 807/298/275 806/296/275 821/306/275
f 800/299/276 799/297/276 814/307/276
f 807/298/277 822/308/277 823/310/277
f 801/301/278 800/299/278 815/309/278
f 801/301/281 816/311/281 817/315/281
f 795/289/282 794/303/282 809/313/282
f 802/288/283 817/315/283 818/317/283
f 795/289/284 810/316/284 811/318/284
f 804/292/285 803/290/285 818/317/285
f 796/291/286 811/318/286 812/320/286
f 804/292/287 819/319/287 820/305/287
f 798/295/288 797/293/288 812/320/288
f 817/315/289 832/337/289 833/322/289
f 810/316/553 825/338/553 826/323/553
f 819/319/291 818/317/291 833/322/291
f 811/318/292 826/323/292 827/325/292
f 819/319/293 834/324/293 835/326/293
f 813/321/294 812/320/294 827/325/294
f 821/306/295 820/305/295 835/326/295
f 813/321/296 828/327/296 829/329/296
f 822/308/566 821/306/566 836/328/566
f 815/309/298 814/307/298 829/329/298
f 822/308/299 837/330/299 838/332/299
f 816/311/300 815/309/300 830/331/300
f 816/311/303 831/333/303 832/337/303
f 810/316/304 809/313/304 824/335/304
f 836/328/305 851/355/305 852/339/305
f 830/331/306 829/329/306 844/340/306
f 837/330/307 852/339/307 853/342/307
f 831/333/308 830/331/308 845/341/308
f 831/333/311 846/343/311 847/347/311
f 824/335/312 839/345/312 840/348/312
f 832/337/313 847/347/313 848/349/313
f 825/338/314 840/348/314 841/350/314
f 834/324/315 833/322/315 848/349/315
f 826/323/316 841/350/316 842/352/316
f 834/324/317 849/351/317 850/353/317
f 828/327/318 827/325/318 842/352/318
f 836/328/319 835/326/319 850/353/319
f 828/327/320 843/354/320 844/340/320
f 840/348/321 856/372/321 857/356/321
f 849/351/322 848/349/322 864/357/322
f 841/350/323 857/356/323 858/359/323
f 849/351/324 865/358/324 866/360/324
f 843/354/325 842/352/325 858/359/325
f 851/355/326 850/353/326 866/360/326
f 843/354/327 859/361/327 860/363/327
f 851/355/328 867/362/328 868/364/328
f 845/341/329 844/340/329 860/363/329
f 852/339/555 868/364/555 869/366/555
f 846/343/331 845/341/331 861/365/331
f 846/343/334 862/367/334 863/371/334
f 839/345/335 855/369/335 856/372/335
f 847/347/336 863/371/336 864/357/336
f 861/365/337 860/363/337 875/373/337
f 868/364/338 883/389/338 884/375/338
f 862/367/339 861/365/339 876/374/339
f 862/367/342 877/376/342 878/380/342
f 855/369/343 870/378/343 871/381/343
f 863/371/344 878/380/344 879/382/344
f 856/372/345 871/381/345 872/383/345
f 865/358/346 864/357/346 879/382/346
f 857/356/347 872/383/347 873/385/347
f 865/358/348 880/384/348 881/386/348
f 859/361/349 858/359/349 873/385/349
f 867/362/350 866/360/350 881/386/350
f 859/361/351 874/387/351 875/373/351
f 867/362/352 882/388/352 883/389/352
f 880/384/353 879/382/353 894/390/353
f 872/383/354 887/406/354 888/392/354
f 880/384/355 895/391/355 896/393/355
f 874/387/356 873/385/356 888/392/356
f 882/388/357 881/386/357 896/393/357
f 874/387/358 889/394/358 890/396/358
f 882/388/359 897/395/359 898/397/359
f 876/374/360 875/373/360 890/396/360
f 884/375/361 883/389/361 898/397/361
f 877/376/362 876/374/362 891/398/362
f 877/376/365 892/400/365 893/404/365
f 871/381/366 870/378/366 885/402/366
f 878/380/367 893/404/367 894/390/367
f 871/381/368 886/405/368 887/406/368
f 898/397/369 913/423/369 914/407/369
f 892/400/567 891/398/567 906/408/567
f 892/400/568 907/409/568 908/413/568
f 885/402/374 900/411/374 901/414/374
f 893/404/375 908/413/375 909/415/375
f 887/406/376 886/405/376 901/414/376
f 895/391/377 894/390/377 909/415/377
f 887/406/378 902/416/378 903/418/378
f 895/391/379 910/417/379 911/419/379
f 889/394/380 888/392/380 903/418/380
f 897/395/381 896/393/381 911/419/381
f 889/394/382 904/420/382 905/422/382
f 897/395/383 912/421/383 913/423/383
f 891/398/384 890/396/384 905/422/384
f 902/424/385 917/454/385 918/425/385
f 910/427/386 925/455/386 926/428/386
f 904/430/387 903/426/387 918/425/387
f 912/432/388 911/429/388 926/428/388
f 904/430/389 919/431/389 920/434/389
f 912/432/390 927/433/390 928/436/390
f 906/438/391 905/435/391 920/434/391
f 913/437/392 928/436/392 929/440/392
f 907/442/569 906/438/569 921/439/569
f 907/442/570 922/443/570 923/448/570
f 900/444/397 915/446/397 916/450/397
f 908/449/398 923/448/398 924/452/398
f 902/424/399 901/451/399 916/450/399
f 910/427/400 909/453/400 924/452/400
f 922/443/401 921/439/401 936/456/401
f 922/443/404 937/457/404 938/462/404
f 915/446/405 930/459/405 931/463/405
f 923/448/406 938/462/406 939/464/406
f 916/450/407 931/463/407 932/465/407
f 925/455/408 924/452/408 939/464/408
f 917/454/409 932/465/409 933/467/409
f 925/455/410 940/466/410 941/468/410
f 919/431/411 918/425/411 933/467/411
f 927/433/412 926/428/412 941/468/412
f 919/431/413 934/469/413 935/471/413
f 927/433/414 942/470/414 943/472/414
f 921/439/415 920/434/415 935/471/415
f 928/436/416 943/472/416 944/461/416
f 940/466/417 955/489/417 956/473/417
f 934/469/418 933/467/418 948/474/418
f 942/470/419 941/468/419 956/473/419
f 934/469/420 949/475/420 950/477/420
f 942/470/421 957/476/421 958/478/421
f 936/456/422 935/471/422 950/477/422
f 943/472/572 958/478/572 959/480/572
f 937/457/424 936/456/424 951/479/424
f 937/457/427 952/481/427 953/485/427
f 930/459/428 945/483/428 946/486/428
f 938/462/429 953/485/429 954/487/429
f 932/465/430 931/463/430 946/486/430
f 940/466/431 939/464/431 954/487/431
f 932/465/432 947/488/432 948/474/432
f 952/481/434 967/504/434 968/492/434
f 946/486/435 945/483/435 960/506/435
f 953/485/436 968/492/436 969/494/436
f 947/488/437 946/486/437 961/493/437
f 955/489/438 954/487/438 969/494/438
f 947/488/439 962/495/439 963/497/439
f 955/489/440 970/496/440 971/498/440
f 949/475/441 948/474/441 963/497/441
f 957/476/442 956/473/442 971/498/442
f 949/475/443 964/499/443 965/501/443
f 957/476/444 972/500/444 973/502/444
f 951/479/445 950/477/445 965/501/445
f 958/478/446 973/502/446 974/491/446
f 952/481/447 951/479/447 966/503/447
f 972/500/449 971/498/449 986/507/449
f 964/499/450 979/523/450 980/509/450
f 972/500/451 987/508/451 988/510/451
f 966/503/452 965/501/452 980/509/452
f 973/502/453 988/510/453 989/512/453
f 967/504/454 966/503/454 981/511/454
f 967/504/457 982/513/457 983/517/457
f 960/506/458 975/515/458 976/518/458
f 968/492/459 983/517/459 984/519/459
f 962/495/460 961/493/460 976/518/460
f 970/496/461 969/494/461 984/519/461
f 962/495/462 977/520/462 978/522/462
f 970/496/463 985/521/463 986/507/463
f 964/499/464 963/497/464 978/522/464
f 975/515/465 990/524/465 991/525/465
f 983/517/466 998/540/466 999/526/466
f 977/520/573 976/518/573 991/525/573
f 985/521/468 984/519/468 999/526/468
f 977/520/469 992/527/469 993/529/469
f 985/521/470 1000/528/470 1001/530/470
f 979/523/471 978/522/471 993/529/471
f 987/508/472 986/507/472 1001/530/472
f 979/523/473 994/531/473 995/533/473
f 987/508/474 1002/532/474 1003/534/474
f 981/511/475 980/509/475 995/533/475
f 988/510/476 1003/534/476 1004/536/476
f 982/513/477 981/511/477 996/535/477
f 982/513/480 997/537/480 998/540/480
f 994/531/481 1009/556/481 1010/541/481
f 1002/532/482 1017/557/482 1018/542/482
f 996/535/483 995/533/483 1010/541/483
f 1004/536/484 1003/534/484 1018/542/484
f 997/537/485 996/535/485 1011/543/485
f 997/537/488 1012/545/488 1013/549/488
f 990/524/489 1005/547/489 1006/550/489
f 998/540/490 1013/549/490 1014/551/490
f 992/527/491 991/525/491 1006/550/491
f 1000/528/492 999/526/492 1014/551/492
f 992/527/493 1007/552/493 1008/554/493
f 1000/528/494 1015/553/494 1016/555/494
f 994/531/495 993/529/495 1008/554/495
f 1002/532/496 1001/530/496 1016/555/496
f 1013/549/497 551/4/497 1024/6/497
f 1007/552/498 1006/550/498 1021/1/498
f 1014/551/499 1024/6/499 552/10/499
f 1008/554/500 1007/552/500 547/7/500
f 1015/553/501 552/10/501 1025/14/501
f 1009/556/502 1008/554/502 1022/11/502
f 1017/557/503 1016/555/503 1025/14/503
f 1010/541/504 1009/556/504 548/15/504
f 1018/542/505 1017/557/505 1026/18/505
f 1011/543/506 1010/541/506 1023/19/506
f 1018/542/507 1027/22/507 1028/26/507
f 1012/545/508 1011/543/508 549/23/508
f 1012/545/511 550/28/511 551/4/511
f 1005/547/512 1020/29/512 1021/1/512
